"SiteYear","masterid","stationcode","sampledate","evaluator","hydromodcomments","fullyarmored","fullyarmoredcomments","area.SqMile","precip.Inch","valleyslope","valleywidth.Meter","giscomments","d50estimate","d50","d50comments","bankheightl1","bankheightl2","bankheightl3","bankheightr1","bankheightr2","bankheightr3","bankheightcomments","bankanglel1","bankanglel2","bankanglel3","bankangler1","bankangler2","bankangler3","bankanglecomments","streambedstate","streambedstatecomments","armoringpotential","armoringpotentialcomments","GradeCtrl.Hydromod","GradeCtrlComnts.Hydromod","lateralsusceptibilityl","lateralsusceptibilityr","lateralsusceptibilitycomments","Q10","VertSuscept","LatRatingL1","LatRatingL2","LatRatingL3","LatRatingR1","LatRatingR2","LatRatingR3","AverageLatSuscept","Year","stationname","latitude","longitude","huc","county","smcshed","smc_lu","psa_lu","probabilistic","new_lat","new_long","regionalboardnumber","psa6c","psa9c","psa10c","eco_ii_2010","eco_iii_2010","ag_2000_1k","ag_2000_5k","ag_2000_ws","code_21_2000_1k","code_21_2000_5k","code_21_2000_ws","urban_2000_1k","urban_2000_5k","urban_2000_ws","roaddens_1k","roaddens_5k","roaddens_ws","paved_int_1k","paved_int_5k","paved_int_ws","invdamdist","ag_2011_1k","ag_2011_5k","ag_2011_ws","urban_2011_1k","urban_2011_5k","urban_2011_ws","forest_2011_1k","forest_2011_5k","forest_2011_ws","pasture_2011_1k","pasture_2011_5k","pasture_2011_ws","row_crops_2011_1k","row_crops_2011_5k","row_crops_2011_ws","channeltype","structurewidth","structureshape","structureshapecomments","rightsideofstructure","rightvegetation","rightsidecomments","leftsideofstructure","leftvegetation","leftsidecomments","bottom","bottomcomments","vegetation","lowflowpresence","lowflowwidth","gradecontrolpresence","gradecontrollocation","GradeCtrlComnts.ChEn","channelmodcomments","CRAM.Index","CRAM.Biotic","CRAM.Buffer","CRAM.Hydrology","CRAM.Physical","csci","ASCI.diatoms","ASCI.hybrid","ASCI.sba","ipi","ipi_percentile","ev_flowhab","ev_flowhab_score","h_aqhab","h_aqhab_pred","h_aqhab_score","h_subnat","h_subnat_score","pct_safn","pct_safn_pred","pct_safn_score","xcmg","xcmg_pred","xcmg_score","ipi_qa","ev_flowhab_qa","h_aqhab_qa","h_subnat_qa","xcmg_qa","pct_rc","vert.rating","av.lat.rating","channeltype2","channeltype3","channeltype4","channeltype3.vert","channeltype3.lat"
"402M00005_2015","402M00005","402M00005",2015-06-15,"Karin Wisenbaker","","No",NA,25.1,36.6,0.121627819,225,"","500",230,"",0.4,0.55,0.55,0.4,0.55,0.55,NA,10,15,15,10,10,20,"","C",NA,"",NA,"",NA,3,3,NA,135.9735377,"LOW","MEDIUM","MEDIUM","MEDIUM","MEDIUM","MEDIUM","MEDIUM","MEDIUM",2015,"Matilija Ck u/s Blue Heron Ranch",34.51364,-119.40097,402,"Ventura","Ventura","Open","Other",TRUE,34.51364,-119.40097,4,"SC","SCm","SCm",NA,NA,NA,NA,NA,NA,NA,NA,NA,NA,NA,0,0.01394407,0.16534345,0,0,0,0,0,0,0,0,0,0.00275308,NA,NA,NA,NA,NA,NA,NA,NA,NA,"Natural",NA,NA,NA,NA,NA,NA,NA,NA,NA,NA,NA,NA,NA,NA,"Absent",NA,NA,NA,89,77.78,100,91.67,87.5,0.9265801,1.075128759,1.138731774,1.112106294,1,0.5,14,1,20,1.06,1,21,1,34,41.8,0.88,65,134.25,0.34,0.05,0.3,0.55,0.05,0.45,1,1,2,"Natural","Natural & Earthen Engineered","Natural & Earthen Engineered","Low
Natural","Medium Natural Earthen"
"402M00015_2016","402M00015","402M00015",2016-06-06,"Karin Wisenbaker","","No",NA,72.4,32.1,0.008,314,"","",125,"",0.8,0.9,0.8,0.8,0.9,0.8,"",30,30,23,30,20,32,"","C","","",NA,"",NA,3,3,"",308.9151808,"LOW","MEDIUM","MEDIUM","MEDIUM","MEDIUM","MEDIUM","MEDIUM","MEDIUM",2016,"VR near Friends Packing House",34.47484,-119.29151,402,"Ventura","Ventura","Agricultural","Ag",TRUE,34.47350755,-119.2912003,NA,"SC","SCm","SCm","Xeric",NA,NA,NA,NA,NA,NA,NA,NA,NA,NA,1.0046394,0.50082489,0.13784794,NA,12,19,1,16,1,0,2,0.16813526,0.02924369,NA,NA,NA,NA,NA,NA,NA,NA,NA,"Natural",NA,NA,NA,NA,NA,NA,NA,NA,NA,NA,NA,"No",NA,NA,"Absent",NA,NA,NA,76,80.56,86.42,75,62.5,0.70374329,0.971166841,0.93312616,0.766085498,NA,NA,NA,NA,NA,NA,NA,NA,NA,NA,NA,NA,NA,NA,NA,NA,NA,NA,NA,NA,NA,1,2,"Natural","Natural & Earthen Engineered","Natural & Earthen Engineered","Low
Natural","Medium Natural Earthen"
"402M00029_2016","402M00029","402M00029",2016-06-06,"Karin Wisenbaker","","No",NA,144,28.2,0.008,790,"","",30,"",0.8,0.8,0.8,0.8,0.8,0.8,"",35,20,35,30,40,43,"","A","","",NA,"",NA,2,2,"",508.5398669,"High","HIGH","HIGH","HIGH","HIGH","HIGH","HIGH","HIGH",2016,"VR near Foster Park",34.35798,-119.31172,402,"Ventura","Ventura","Urban","Forest",TRUE,34.35656859,-119.3112737,NA,"SC","SCx","SCx","Xeric",NA,NA,NA,NA,NA,NA,NA,NA,NA,NA,4.29316865,3.25300733,1.38973182,2,15,249,0,1,2,3,6,8.3948721,2.26629839,NA,NA,NA,NA,NA,NA,NA,NA,NA,"Natural",NA,NA,NA,NA,NA,NA,NA,NA,NA,NA,NA,"No",NA,NA,"Present","Within reach",NA,NA,67,61.11,82.92,75,50,0.35481957,0.820404592,0.886249594,0.817174062,NA,NA,NA,NA,NA,NA,NA,NA,NA,NA,NA,NA,NA,NA,NA,NA,NA,NA,NA,NA,NA,3,3,"Natural","Natural & Earthen Engineered","Natural & Earthen Engineered","High
Natural","High Natural Earthen"
"402M00030_2017","402M00030","402M00030",2017-04-19,"Karin Wisenbaker","","No","",80.1,31.4,0.012,219,"Examined on google maps, may not be agriculture",NA,90,"",1.2,1.2,1.5,1.2,1.4,1.5,"",15,15,15,25,20,15,"","C",NA,"N/A",NA,"N/A",NA,3,3,NA,331.6300997,"LOW","MEDIUM","MEDIUM","MEDIUM","MEDIUM","MEDIUM","MEDIUM","MEDIUM",2017,"",34.43881,-119.29959,402,"Ventura","Ventura","Agricultural","Other",TRUE,34.43619281,-119.3017919,4,"SC","SCm","SCm",NA,85,NA,NA,NA,NA,NA,NA,NA,NA,NA,6.34557986,1.67492527,0.26465425,4,15,34,0,21,6,1,7,1.34718632,0.13312874,NA,NA,NA,NA,NA,NA,NA,NA,NA,"Natural",NA,NA,NA,NA,NA,NA,NA,NA,NA,NA,NA,NA,NA,NA,"Absent",NA,NA,NA,72,47.22,100,91.67,50,0.61337874,1.386515183,0.885091179,0.724795526,NA,NA,NA,NA,NA,NA,NA,NA,NA,NA,NA,NA,NA,NA,NA,NA,NA,NA,NA,NA,NA,1,2,"Natural","Natural & Earthen Engineered","Natural & Earthen Engineered","Low
Natural","Medium Natural Earthen"
"402M00042_2017","402M00042","402M00042",2017-04-19,"Karin Wisenbaker","","No","",74.3,32,0.026,276,"Original stream coordinates within housing so stream sampling area moved to west main stem",NA,50,"",1.2,1.1,0.4,0.95,0.95,0.85,"",15,20,20,5,25,45,"","C",NA,"N/A",NA,"N/A",NA,3,3,NA,315.1980883,"LOW","MEDIUM","MEDIUM","MEDIUM","MEDIUM","MEDIUM","MEDIUM","MEDIUM",2017,"",34.46039,-119.28891,402,"Ventura","Ventura","Agricultural","Other",TRUE,34.4577525,-119.29185,4,"SC","SCm","SCm","Xeric",85,7,2,0,31.6159,6.8381,1.9189,4,0,0,3.855108,0.642472,0.1598884,2,9,22,0,6,2,0,4,0.3876252,0.05484842,NA,NA,NA,NA,NA,NA,NA,NA,NA,"Natural",NA,NA,NA,NA,NA,NA,NA,NA,NA,NA,NA,NA,NA,NA,"Absent",NA,NA,NA,70,52.78,90.29,75,62.5,0.69305172,1.043422749,0.903435087,1.062087814,NA,NA,NA,NA,NA,NA,NA,NA,NA,NA,NA,NA,NA,NA,NA,NA,NA,NA,NA,NA,NA,1,2,"Natural","Natural & Earthen Engineered","Natural & Earthen Engineered","Low
Natural","Medium Natural Earthen"
"402M00043_2016","402M00043","402M00043",2016-06-22,"Brianna Jones","","No",NA,48.8,34.3,0.034,190,"","",0.05,"FN",0.8,0.8,0.8,0.8,0.8,0.8,"",29,13,29,25,18,31,"","A","","",NA,"",NA,4,4,"",230.6532302,"High","VERY HIGH","VERY HIGH","VERY HIGH","VERY HIGH","VERY HIGH","VERY HIGH","VERY HIGH",2016,"Matilija Creek below hot springs",34.50161,-119.34749,402,"Ventura","Ventura","Open","Forest",TRUE,34.5014449,-119.348,4,"SC","SCm","SCm","Mountain",8,0,0,0,2.4119,0.3086,0.3733,0,0,0,0.9552296,0.09294616,0.02918605,1,1,1,0,0,0,0,0,0.00453217,0.00284929,NA,NA,NA,NA,NA,NA,NA,NA,NA,"Natural",NA,NA,NA,NA,NA,NA,NA,NA,NA,NA,NA,"No",NA,NA,"Absent",NA,NA,NA,79,75,90.29,75,75,NA,1.206295154,1.049294156,0.990975801,NA,NA,NA,NA,NA,NA,NA,NA,NA,NA,NA,NA,NA,NA,NA,NA,NA,NA,NA,NA,NA,3,4,"Natural","Natural & Earthen Engineered","Natural & Earthen Engineered","High
Natural","Very High Natural Earthen"
"402M00046_2017","402M00046","402M00046",2017-04-26,"Karin Wisenbaker","","No","",80.7,31.3,0.012,1834,"Selected main stem instead of tributary, google earth indicated tributary connected to main stem",NA,90,"",1.5,1.5,2,1.4,0.6,2,"",30,2.5,15,10,30,15,"","C",NA,"N/A",NA,"N/A",NA,4,4,NA,332.971405,"LOW","HIGH","HIGH","HIGH","HIGH","HIGH","HIGH","HIGH",2017,"",34.42402,-119.30011,402,"Ventura","Ventura","Urban","Other",TRUE,34.42351001,-119.3021329,4,"SC","SCx","SCx",NA,85,NA,NA,NA,NA,NA,NA,NA,NA,NA,3.7555707,2.55140563,0.28015541,1,15,35,0,15,7,1,8,2.28214205,0.16643658,NA,NA,NA,NA,NA,NA,NA,NA,NA,"Natural",NA,NA,NA,NA,NA,NA,NA,NA,NA,NA,NA,NA,NA,NA,"Absent",NA,NA,NA,71,36.11,93.29,91.67,62.5,0.75998142,1.079657376,0.808350459,0.479195766,NA,NA,NA,NA,NA,NA,NA,NA,NA,NA,NA,NA,NA,NA,NA,NA,NA,NA,NA,NA,NA,1,3,"Natural","Natural & Earthen Engineered","Natural & Earthen Engineered","Low
Natural","High Natural Earthen"
"403M01500_2016","403M01500","403M01500",2016-06-15,"Karin Wisenbaker","","Yes",NA,4.5,19.7,0.01,3956,"","",NA,"RC",0.6,0.6,0.6,0.6,0.6,0.6,"",35,35,35,35,35,35,"","C","","",NA,"",NA,1,1,"",18.91871804,"LOW","LOW","LOW","LOW","LOW","LOW","LOW","LOW",2016,"FranklinBarranca u/s of DarlingRd",34.29132,-119.14776,403,"Ventura","Santa Clara","Agricultural","Urban",TRUE,34.29043958,-119.147172,NA,"SC","SCx","SCx","Xeric",NA,NA,NA,NA,NA,NA,NA,NA,NA,NA,6.12665813,1.78919772,1.54928557,5,16,20,0,61,37,27,31,4.07833853,2.94231814,NA,NA,NA,NA,NA,NA,NA,NA,NA,"Engineered","5 to 10 m","Trapezoidal",NA,"Concrete",NA,NA,"Concrete",NA,NA,"Concrete",NA,"No","Present","1 to 5 m","Absent",NA,NA,NA,39,25,62.5,41.67,25,0.43150489,0.500241468,0.462842984,0.535795321,NA,NA,NA,NA,NA,NA,NA,NA,NA,NA,NA,NA,NA,NA,NA,NA,NA,NA,NA,NA,NA,1,1,"Hardened Entire","Hardened Entire","Hardened Engineered","Low
Hardened
Entire","Low Hardened Entire"
"403M01522_2016","403M01522","403M01522",2016-06-29,"Karin Wisenbaker","","No",NA,437,21.5,0.006,511,"","",0.05,"FN",0.95,0.85,0.95,0.95,0.85,0.95,"",20,18,20,20,30,20,"","A","","",NA,"",NA,4,4,"",1084.062416,"High","VERY HIGH","VERY HIGH","VERY HIGH","VERY HIGH","VERY HIGH","VERY HIGH","VERY HIGH",2016,"Piru Creek below Center St",34.41442,-118.78842,403,"Ventura","Santa Clara","Agricultural","Other",TRUE,34.41438651,-118.7885512,NA,"SC","SCx","SCx","Xeric",NA,NA,NA,NA,NA,NA,NA,NA,NA,NA,3.83352481,1.6001761,0.42343057,1,25,256,0,7,2,0,9,0.45832777,0.26842115,NA,NA,NA,NA,NA,NA,NA,NA,NA,"Engineered","50 to 100 m","Natural",NA,"Earthen bare",NA,NA,"Earthen bare",NA,NA,"Soft/Natural",NA,"No","Absent",NA,"Absent",NA,NA,NA,70,77.78,86.42,66.67,50,0.40015611,0.85461813,0.924000698,1.049090594,NA,NA,NA,NA,NA,NA,NA,NA,NA,NA,NA,NA,NA,NA,NA,NA,NA,NA,NA,NA,NA,3,4,"Earthen Engineered","Natural & Earthen Engineered","Natural & Earthen Engineered","High
Earthen
Engineered","Very High Natural Earthen"
"403M01528_2016","403M01528","403M01528",2016-06-15,"Karin Wisenbaker","","No",NA,5.1,19.4,0.006,3940,"","",1,"SA",0.9,0.9,0.9,0.9,0.9,0.9,"",20,20,20,20,20,20,"","A","","",NA,"",NA,4,4,"",20.84736685,"High","VERY HIGH","VERY HIGH","VERY HIGH","VERY HIGH","VERY HIGH","VERY HIGH","VERY HIGH",2016,"Franklin Barranca in SCR at Hwy 118",34.27599,-119.14219,403,"Ventura","Santa Clara","Agricultural","Ag",TRUE,34.27566173,-119.1436936,NA,"SC","SCx","SCx","Xeric",NA,NA,NA,NA,NA,NA,NA,NA,NA,NA,6.95639931,3.28350445,2.0847709,3,13,23,0,11,54,29,61,14.024788,7.29131406,NA,NA,NA,NA,NA,NA,NA,NA,NA,"Natural",NA,NA,NA,NA,NA,NA,NA,NA,NA,NA,NA,"No",NA,NA,"Absent",NA,NA,NA,66,58.33,90.29,66.67,50,0.37462963,0.272396534,0.452558779,0.773641143,NA,NA,NA,NA,NA,NA,NA,NA,NA,NA,NA,NA,NA,NA,NA,NA,NA,NA,NA,NA,NA,3,4,"Natural","Natural & Earthen Engineered","Natural & Earthen Engineered","High
Natural","Very High Natural Earthen"
"403M01538_2017","403M01538","403M01538",2017-05-25,"Karin Wisenbaker","","No","",23.6,21.1,0.006,163,"",NA,15,"",0.45,0.35,0.7,0.35,0.35,0.9,"",15,40,30,60,70,35,"","A",NA,"N/A",NA,"N/A",NA,4,4,NA,84.33129252,"High","VERY HIGH","VERY HIGH","VERY HIGH","VERY HIGH","VERY HIGH","VERY HIGH","VERY HIGH",2017,"",34.41199,-118.83067,403,"Ventura","Santa Clara","Agricultural","Other",TRUE,34.41199,-118.83067,4,"SC","SCx","SCx",NA,85,NA,NA,NA,NA,NA,NA,NA,NA,NA,0.90561652,0.75006121,0.41140232,2,33,33,0,2,0,0,0,0.02373512,0.00884564,NA,NA,NA,NA,NA,NA,NA,NA,NA,"Natural",NA,NA,NA,NA,NA,NA,NA,NA,NA,NA,NA,NA,NA,NA,"Absent",NA,NA,NA,72,58.33,90.29,75,62.5,0.82583116,0.975576403,0.926158396,0.865274151,NA,NA,NA,NA,NA,NA,NA,NA,NA,NA,NA,NA,NA,NA,NA,NA,NA,NA,NA,NA,NA,3,4,"Natural","Natural & Earthen Engineered","Natural & Earthen Engineered","High
Natural","Very High Natural Earthen"
"403M01539_2017","403M01539","403M01539",2017-04-20,"Wendy Willis","","No","",9.4,27.6,0.01,530,"",NA,70,"",0.9,0.95,1,0.9,0.95,1,"",35,50,43,45,62,28,"","C",NA,"N/A",NA,"N/A",NA,3,2,NA,46.55636339,"LOW","MEDIUM","MEDIUM","MEDIUM","MEDIUM","HIGH","MEDIUM","MEDIUM",2017,"",34.54733,-119.16554,403,"Ventura","Santa Clara","Open","Other",TRUE,34.5489318,-119.16562,4,"SC","SCm","SCm","Mountain",8,0,0,0,0,0.0676,0.4367,0,0,0,0,0,0.00975714,0,0,0,0,0,0,0,0,0,0,NA,NA,NA,NA,NA,NA,NA,NA,NA,"Natural",NA,NA,NA,NA,NA,NA,NA,NA,NA,NA,NA,NA,NA,NA,"Absent",NA,NA,NA,86,75,93.29,100,75,0.98606264,1.306182269,1.167299848,1.119258837,NA,NA,NA,NA,NA,NA,NA,NA,NA,NA,NA,NA,NA,NA,NA,NA,NA,NA,NA,NA,NA,1,2,"Natural","Natural & Earthen Engineered","Natural & Earthen Engineered","Low
Natural","Medium Natural Earthen"
"403M01553_2017","403M01553","403M01553",2017-05-25,"Karin Wisenbaker","","No","",253,26.7,0.01,682,"",NA,20,"",0.55,0.75,0.2,1.35,0.95,0.2,"",35,30,50,25,40,60,"","B",NA,"A",NA,"C",NA,4,2,NA,796.134324,"MEDIUM","HIGH","HIGH","HIGH","MEDIUM","MEDIUM","MEDIUM","MEDIUM",2017,"",34.43845,-118.92539,403,"Ventura","Santa Clara","Agricultural","Other",TRUE,34.43765879,-118.9253197,4,"SC","SCx","SCx",NA,85,NA,NA,NA,NA,NA,NA,NA,NA,NA,3.53845644,0.98885654,0.2447475,5,23,93,0,35,2,0,2,0.59330539,0.04025162,NA,NA,NA,NA,NA,NA,NA,NA,NA,"Natural",NA,NA,NA,NA,NA,NA,NA,NA,NA,NA,NA,NA,NA,NA,"Absent",NA,NA,NA,72,72.22,86.42,66.67,62.5,1.003965,0.750467812,0.71407398,0.672661754,NA,NA,NA,NA,NA,NA,NA,NA,NA,NA,NA,NA,NA,NA,NA,NA,NA,NA,NA,NA,NA,2,2,"Natural","Natural & Earthen Engineered","Natural & Earthen Engineered","Medium
Natural","Medium Natural Earthen"
"403M05774_2016","403M05774","403M05774",2016-06-22,"Damon Owen","","No",NA,419,17.6,0.004,1214,"","",NA,"",1.5,1.5,1.5,1.5,2,2,"",40,35,40,35,35,40,"","A","","",NA,"",NA,2,2,"",895.8365502,"High","HIGH","HIGH","HIGH","HIGH","HIGH","HIGH","HIGH",2016,"Santa Clara R. 1.3km. u/s of conf. w. Castaic",34.42692,-118.62067,403,"Los Angeles","Santa Clara","Agricultural","Other",TRUE,34.42692974,-118.6206621,NA,"SC","SCx","SCx","Xeric",NA,NA,NA,NA,NA,NA,NA,NA,NA,NA,2.34204907,5.721323,2.12067969,1,38,851,0,0,2,0,7,39.09863143,9.10025264,NA,NA,NA,NA,NA,NA,NA,NA,NA,"Natural",NA,NA,NA,NA,NA,NA,NA,NA,NA,NA,NA,"No",NA,NA,"Absent",NA,NA,NA,74,66.67,90.29,75,62.5,0.77506148,0.941753595,0.7052507,0.584903186,NA,NA,NA,NA,NA,NA,NA,NA,NA,NA,NA,NA,NA,NA,NA,NA,NA,NA,NA,NA,NA,3,3,"Natural","Natural & Earthen Engineered","Natural & Earthen Engineered","High
Natural","High Natural Earthen"
"403M05780_2016","403M05780","403M05780",2016-05-26,"Damon Owen","","No",NA,46.2,22,0.012,40,"","",NA,"",4,1,1.5,1.5,1.5,1.5,"",50,25,30,35,25,30,"","A","","",NA,"",NA,2,2,"",156.2290552,"High","HIGH","MEDIUM","MEDIUM","MEDIUM","MEDIUM","MEDIUM","MEDIUM",2016,"Elizibeth Creek 650m. u/s of USFS 6N24",34.60452,-118.55686,403,"Los Angeles","Santa Clara","Open","Other",TRUE,34.60359809,-118.5562762,NA,"SC","SCm","SCm","Mountain",NA,NA,NA,NA,NA,NA,NA,NA,NA,NA,0.14608948,0.02983009,0.0518124,NA,2,7,0,0,0,0,1,0.08176324,0.19828563,NA,NA,NA,NA,NA,NA,NA,NA,NA,"Natural",NA,NA,NA,NA,NA,NA,NA,NA,NA,NA,NA,"No",NA,NA,"Present","Within 10 m downstream",NA,NA,68,72.22,96.54,41.67,62.5,0.86151329,0.323092319,0.696969374,1.002817363,NA,NA,NA,NA,NA,NA,NA,NA,NA,NA,NA,NA,NA,NA,NA,NA,NA,NA,NA,NA,NA,3,2,"Natural","Natural & Earthen Engineered","Natural & Earthen Engineered","High
Natural","Medium Natural Earthen"
"403M05785_2017","403M05785","403M05785",2017-06-06,"DO/NC","","No","",1,21.4,0.0739,9,"",NA,NA,"",3,1.5,2.5,1.5,2.5,1.5,"",55,40,65,10,60,15,"","C",NA,"",NA,"",NA,1,1,NA,5.448493398,"LOW","LOW","LOW","LOW","LOW","LOW","LOW","LOW",2017,"",34.37091,-118.47199,403,"Los Angeles","Santa Clara","SMC_out","Other",TRUE,NA,NA,NA,NA,NA,NA,NA,NA,NA,NA,NA,NA,NA,NA,NA,NA,NA,NA,NA,NA,NA,NA,NA,NA,NA,NA,NA,NA,NA,NA,NA,NA,NA,NA,NA,NA,NA,NA,NA,"Natural",NA,NA,NA,NA,NA,NA,NA,NA,NA,NA,NA,"No",NA,NA,"Absent",NA,NA,NA,74,55.56,100,91.67,50,NA,0.914425349,0.960010633,0.889775706,NA,NA,NA,NA,NA,NA,NA,NA,NA,NA,NA,NA,NA,NA,NA,NA,NA,NA,NA,NA,NA,1,1,"Natural","Natural & Earthen Engineered","Natural & Earthen Engineered","Low
Natural","Low Natural Earthen"
"403M05795_2017","403M05795","403M05795",2017-06-05,"DO/NC","","No","",309,21.9,0.01,44,"",NA,NA,"",2,1.5,2.5,4,3,2,"",35,35,75,65,90,25,"","C",NA,"",NA,"",NA,3,3,NA,813.324152,"LOW","LOW","LOW","LOW","LOW","LOW","LOW","LOW",2017,"",34.60898,-118.77961,403,"Los Angeles","Santa Clara","Open","Other",TRUE,NA,NA,NA,NA,NA,NA,NA,NA,NA,NA,NA,NA,NA,NA,NA,NA,NA,NA,NA,NA,NA,NA,NA,NA,NA,NA,NA,NA,NA,NA,NA,NA,NA,NA,NA,NA,NA,NA,NA,"Natural",NA,NA,NA,NA,NA,NA,NA,NA,NA,NA,NA,"No",NA,NA,"Absent",NA,NA,NA,81,58.33,100,66.67,100,NA,0.534927556,0.645943605,0.703917615,NA,NA,NA,NA,NA,NA,NA,NA,NA,NA,NA,NA,NA,NA,NA,NA,NA,NA,NA,NA,NA,1,1,"Natural","Natural & Earthen Engineered","Natural & Earthen Engineered","Low
Natural","Low Natural Earthen"
"404M04517_2017","404M04517","404M04517",2017-04-26,"Karin Wisenbaker","","No","",4.6,19.1,0.024,76,"",NA,5,"",0.7,0.7,0.6,0.7,0.8,0.6,"",25,30,40,15,15,45,"","B",NA,"C",NA,"C",NA,2,2,NA,18.83010882,"MEDIUM","MEDIUM","MEDIUM","MEDIUM","MEDIUM","MEDIUM","MEDIUM","MEDIUM",2017,"",34.17649,-118.70612,404,"Ventura","Santa Monica Bay","Open","Other",TRUE,34.1762444,-118.70596,4,"SC","SCx","SCx","Xeric",85,0,0,0,7.8643,3.6644,3.4226,0,1,0,2.704208,1.161379,1.073663,0,0,0,0,0,0,0,0,0.6103958,0.3532241,NA,NA,NA,NA,NA,NA,NA,NA,NA,"Natural",NA,NA,NA,NA,NA,NA,NA,NA,NA,NA,NA,NA,NA,NA,"Present","Within 10 m upstream",NA,NA,74,77.78,93.29,75,50,0.75903605,0.89918398,0.895079269,0.844914991,NA,NA,NA,NA,NA,NA,NA,NA,NA,NA,NA,NA,NA,NA,NA,NA,NA,NA,NA,NA,NA,2,2,"Natural","Natural & Earthen Engineered","Natural & Earthen Engineered","Medium
Natural","Medium Natural Earthen"
"404M04599_2016","404M04599","404M04599",2016-08-03,"Karin Wisenbaker","","No",NA,2.5,23,0.216,41,"","",170,"",1,1,1,1,1,1,"",90,80,90,43,85,80,"","C","","",NA,"",NA,1,1,"",12.78191911,"LOW","LOW","LOW","LOW","LOW","LOW","LOW","LOW",2016,"W ForkArroyoSequit_CircleXgrotto",34.09458,-118.92442,404,"Ventura","Santa Monica Bay","Open","Other",TRUE,34.09345988,-118.9237873,NA,"SC","SCx","SCx","Xeric",NA,NA,NA,NA,NA,NA,NA,NA,NA,NA,0.33921394,2.61280955,2.61280955,NA,1,1,0,0,0,0,0,0.23348441,0.23348441,NA,NA,NA,NA,NA,NA,NA,NA,NA,"Natural",NA,NA,NA,NA,NA,NA,NA,NA,NA,NA,NA,"No",NA,NA,"Absent",NA,NA,NA,88,80.56,100,83.33,87.5,1.02039598,1.158906296,0.958480049,0.84542896,NA,NA,NA,NA,NA,NA,NA,NA,NA,NA,NA,NA,NA,NA,NA,NA,NA,NA,NA,NA,NA,1,1,"Natural","Natural & Earthen Engineered","Natural & Earthen Engineered","Low
Natural","Low Natural Earthen"
"404M07354_2016","404M07354","404M07354",2016-06-16,"Damon Owen","","Yes",NA,90.1,16.1,0.002,22100,"","",NA,"",NA,NA,NA,NA,NA,NA,"",NA,NA,NA,NA,NA,NA,"","","","",NA,"",NA,1,1,"",219.6465146,"LOW","LOW","LOW","LOW","LOW","LOW","LOW","LOW",2016,"Ballona Creek 410 m upstream of Duquesne Ave",34.02025,-118.38647,404,"Los Angeles","Santa Monica Bay","SMC_out","Urban",TRUE,34.0193452,-118.3876431,NA,"SC","SCx","SCx","Xeric",NA,NA,NA,NA,NA,NA,NA,NA,NA,NA,13.09621592,17.08257461,15.09032086,1,17,27,0,0,0,0,87,90.11501319,80.05510419,NA,NA,NA,NA,NA,NA,NA,NA,NA,"Engineered","10 to 50 m","Rectangular",NA,"Concrete",NA,NA,"Concrete",NA,NA,"Concrete",NA,"No","Absent",NA,"Absent",NA,NA,NA,27,25,25,33.33,25,NA,1.018869748,0.724923563,0.656670074,NA,NA,NA,NA,NA,NA,NA,NA,NA,NA,NA,NA,NA,NA,NA,NA,NA,NA,NA,NA,NA,1,1,"Hardened Entire","Hardened Entire","Hardened Engineered","Low
Hardened
Entire","Low Hardened Entire"
"404M07357_2016","404M07357","404M07357",2016-06-13,"Damon Owen","","No",NA,16.5,23.5,0.018,26,"","",NA,"",3,2.5,4,2.5,2.5,3,"",65,40,55,25,50,35,"","B","","C",NA,"C",NA,1,1,"",67.11059804,"MEDIUM","LOW","LOW","LOW","LOW","LOW","LOW","LOW",2016,"Topanga Creek 365 m d/s of Alma Rd",34.07936,-118.59437,404,"Los Angeles","Santa Monica Bay","Open","Other",TRUE,34.07836461,-118.5932571,NA,"SC","SCx","SCx","Xeric",NA,NA,NA,NA,NA,NA,NA,NA,NA,NA,6.61298602,4.01377373,4.2592314,4,56,76,1,0,0,0,3,1.24715463,2.02782314,NA,NA,NA,NA,NA,NA,NA,NA,NA,"Natural",NA,NA,NA,NA,NA,NA,NA,NA,NA,NA,NA,"No",NA,NA,"Absent",NA,NA,NA,81,86.11,96.54,66.67,75,0.78172571,0.952508344,1.019719726,1.1463414,NA,NA,NA,NA,NA,NA,NA,NA,NA,NA,NA,NA,NA,NA,NA,NA,NA,NA,NA,NA,NA,2,1,"Natural","Natural & Earthen Engineered","Natural & Earthen Engineered","Medium
Natural","Low Natural Earthen"
"404M07358_2016","404M07358","404M07358",2016-06-16,"Damon Owen","","Yes",NA,7.8,14.3,0.002,21914,"","",NA,"",NA,NA,NA,NA,NA,NA,"",NA,NA,NA,NA,NA,NA,"","","","",NA,"",NA,1,1,"",23.8555194,"LOW","LOW","LOW","LOW","LOW","LOW","LOW","LOW",2016,"Centinela Creek-100m. d/s of Inglewood Blvd.",33.98675,-118.41043,404,"Los Angeles","Santa Monica Bay","SMC_out","Urban",TRUE,33.98619211,-118.4115873,NA,"SC","SCx","SCx","Xeric",NA,NA,NA,NA,NA,NA,NA,NA,NA,NA,22.81033925,16.09795735,15.77018092,2,2,2,0,0,0,0,99,89.09512761,90.87775838,NA,NA,NA,NA,NA,NA,NA,NA,NA,"Engineered","50 to 100 m","Rectangular",NA,"Concrete",NA,NA,"Concrete",NA,NA,"Concrete",NA,"No","Present","1 to 5 m","Absent",NA,NA,NA,27,25,25,33.33,25,0.36621572,0.535908629,0.645731043,0.662498594,NA,NA,NA,NA,NA,NA,NA,NA,NA,NA,NA,NA,NA,NA,NA,NA,NA,NA,NA,NA,NA,1,1,"Hardened Entire","Hardened Entire","Hardened Engineered","Low
Hardened
Entire","Low Hardened Entire"
"404M07360_2017","404M07360","404M07360",2017-06-08,"DO/NC","","No","",5.4,18.1,0.004,1441,"",NA,NA,"",5,5,5,5,5,5,"",45,45,45,45,45,45,"","B",NA,"C",NA,"B",NA,1,1,NA,20.77078437,"MEDIUM","LOW","LOW","LOW","LOW","LOW","LOW","LOW",2017,"",34.15459,-118.75848,404,"Los Angeles","Santa Monica Bay","Urban","Urban",TRUE,NA,NA,NA,NA,NA,NA,NA,NA,NA,NA,NA,NA,NA,NA,NA,NA,NA,NA,NA,NA,NA,NA,NA,NA,NA,NA,NA,NA,NA,NA,NA,NA,NA,NA,NA,NA,NA,NA,NA,"Engineered","5 to 10 m","Trapezoidal",NA,"Concrete",NA,NA,"Concrete",NA,NA,"Soft/Natural",NA,"Yes, not within past month","Absent",NA,"Present","Within 10 m downstream",NA,NA,51,52.78,25,75,50,NA,0.68036867,0.789782244,0.903760183,NA,NA,NA,NA,NA,NA,NA,NA,NA,NA,NA,NA,NA,NA,NA,NA,NA,NA,NA,NA,NA,2,1,"Hardened Side(s)","Hardened Side(s)","Hardened Engineered","Medium
Hardened
Side(s)","Low Hardened Side(s)"
"404M07361_2017","404M07361","404M07361",2017-06-06,"DO/NC","","No","",3.6,23.8,0.032,5,"",NA,NA,"",2,2,2,2,1.5,1.5,"",80,35,90,90,40,70,"","C",NA,"",NA,"",NA,1,1,NA,18.02209423,"LOW","LOW","LOW","LOW","LOW","LOW","LOW","LOW",2017,"",34.10164,-118.62119,404,"Los Angeles","Santa Monica Bay","Open","Other",TRUE,NA,NA,NA,NA,NA,NA,NA,NA,NA,NA,NA,NA,NA,NA,NA,NA,NA,NA,NA,NA,NA,NA,NA,NA,NA,NA,NA,NA,NA,NA,NA,NA,NA,NA,NA,NA,NA,NA,NA,"Engineered","5 to 10 m","Other","intermittant cinder block, rock/concrete, wood channel walls","Earthen bare",NA,NA,"Grouted rock",NA,NA,"Soft/Natural",NA,NA,"Absent",NA,"Present","Within reach",NA,NA,55,63.89,47.88,58.33,50,NA,0.615416507,0.769815535,0.758856761,NA,NA,NA,NA,NA,NA,NA,NA,NA,NA,NA,NA,NA,NA,NA,NA,NA,NA,NA,NA,NA,1,1,"Hardened Side(s)","Hardened Side(s)","Hardened Engineered","Low
Hardened
Side(s)","Low Hardened Side(s)"
"404M07362_2017","404M07362","404M07362",2017-06-08,"DO/NC","","No","",1.7,15.3,0.036,1853,"Not a real valley, west end connects to Pacific Ocean",NA,NA,"",1.5,1.5,1.5,2,1,1.5,"",20,20,15,35,15,25,"","A",NA,"",NA,"",NA,2,2,NA,6.676683459,"High","HIGH","HIGH","HIGH","HIGH","HIGH","HIGH","HIGH",2017,"",33.8009,-118.38703,404,"Los Angeles","Santa Monica Bay","SMC_out","Urban",TRUE,NA,NA,NA,NA,NA,NA,NA,NA,NA,NA,NA,NA,NA,NA,NA,NA,NA,NA,NA,NA,NA,NA,NA,NA,NA,NA,NA,NA,NA,NA,NA,NA,NA,NA,NA,NA,NA,NA,NA,"Natural",NA,NA,NA,NA,NA,NA,NA,NA,NA,NA,NA,"No",NA,NA,"Present","Within 10 m downstream",NA,NA,44,61.11,37.5,41.67,37.5,NA,0.331148148,0.680156413,0.891557384,NA,NA,NA,NA,NA,NA,NA,NA,NA,NA,NA,NA,NA,NA,NA,NA,NA,NA,NA,NA,NA,3,3,"Natural","Natural & Earthen Engineered","Natural & Earthen Engineered","High
Natural","High Natural Earthen"
"405M10600_2016","405M10600","405M10600",2016-06-23,"Karin Wisenbaker","","Yes",NA,452,27.7,0,28345,"elevation is 13m at both the downstream and 500 m upstream point, giving a slope of 0, 11/30/16 SMT","",5660,"Concrete Channel",1,1,1,1,1,1,"",26,26,26,26,26,26,"","C","","",NA,"",NA,1,1,"",1356.868261,"LOW","LOW","LOW","LOW","LOW","LOW","LOW","LOW",2016,"Craig Park",33.85293,-118.10127,405,"Los Angeles","San Gabriel","Urban","Urban",TRUE,33.8532226,-118.10135,4,"SC","SCx","SCx","Xeric",85,0,0,0,2.0751,6.3551,8.1226,96,92,28,13.47966,13.56351,4.472558,1,10,1046,0,0,0,0,94,91.11111,28.84358,NA,NA,NA,NA,NA,NA,NA,NA,NA,"Engineered","10 to 50 m","Trapezoidal",NA,"Concrete",NA,NA,"Concrete",NA,NA,"Concrete",NA,"No","Present",NA,"Absent",NA,NA,NA,40,25,67.67,41.67,25,0.37130822,0.172074858,0.435336514,0.392876598,NA,NA,NA,NA,NA,NA,NA,NA,NA,NA,NA,NA,NA,NA,NA,NA,NA,NA,NA,NA,NA,1,1,"Hardened Entire","Hardened Entire","Hardened Engineered","Low
Hardened
Entire","Low Hardened Entire"
"405PS0036_2016","405PS0036","405PS0036",2016-07-11,"Karin Wisenbaker","","No",NA,45.9,39,0.028,31,"","",280,"",0.9,0.9,1,0.9,0.9,1,"",50,38,45,45,30,55,"","C","","",NA,"",NA,1,1,"",241.4096394,"LOW","LOW","LOW","LOW","LOW","LOW","LOW","LOW",2016,"West Fork San Gabriel River",34.24118,-117.93426,405,"Los Angeles","San Gabriel","Open","Other",TRUE,34.240568,-117.93456,4,"SC","SCm","SCm","Mountain",8,0,0,0,3.1025,1.2863,1.659,0,0,0,1.11998036,0.14323128,0.05937955,0,4,4,0,0,0,0,0,0.00306645,0.04841882,NA,NA,NA,NA,NA,NA,NA,NA,NA,"Engineered","5 to 10 m","Natural",NA,"Grouted rock",NA,NA,"Earthen bare",NA,NA,"Soft/Natural",NA,"No","Absent",NA,"Absent",NA,NA,NA,85,86.11,90.29,75,87.5,0.91854013,0.916450196,0.947380235,0.872577727,NA,NA,NA,NA,NA,NA,NA,NA,NA,NA,NA,NA,NA,NA,NA,NA,NA,NA,NA,NA,NA,1,1,"Hardened Side(s)","Hardened Side(s)","Hardened Engineered","Low
Hardened
Side(s)","Low Hardened Side(s)"
"408M03005_2015","408M03005","408M03005",2015-06-15,"Karin Wisenbaker","","Yes",NA,19.7,19.5,0.012,3862,"","-88",5660,"Concrete Channel",0.5,0.5,0.5,0.5,0.5,0.5,NA,40,90,90,40,40,40,"","C",NA,"",NA,"",NA,1,1,NA,67.82192168,"LOW","LOW","LOW","LOW","LOW","LOW","LOW","LOW",2015,"Tapo Cyn d/s Los Angeles Ave",34.27001,-118.74203,408,"Ventura","Calleguas","Urban","Urban",TRUE,34.27001,-118.74203,4,"SC","SCx","SCx",NA,NA,NA,NA,NA,NA,NA,NA,NA,NA,NA,12.18178,7.857611,2.727971,2,13,56,0,0,0,0,94,38.34999,6.148919,NA,NA,NA,NA,NA,NA,NA,NA,NA,"Engineered","<5 m","Other","half rectangular half trapezoidal","Concrete","No",NA,"Concrete","No",NA,"Concrete",NA,"No","Present","<1 m","Absent",NA,NA,NA,36,25,67.67,25,25,0.69394777,0.660345764,0.703470426,0.98508224,0.64,0,5,1,14,1.02,1,1,0.53,24,41.81,0.4,1,134.21,0,0.04,0.3,0.45,0.04,0.45,49,1,1,"Hardened Entire","Hardened Entire","Hardened Engineered","Low
Hardened
Entire","Low Hardened Entire"
"408M03020_2016","408M03020","408M03020",2016-07-12,"Karin Wisenbaker","","No",NA,250,16.9,0.002,8166,"","",1,"SA",0.8,0.8,0.8,0.8,0.8,0.8,"",50,50,50,50,50,50,"","A","","",NA,"",NA,1,1,"",554.0365211,"High","LOW","LOW","LOW","LOW","LOW","LOW","LOW",2016,"Calleguas Creek upstream of Potrero Rd",34.16846,-119.05726,408,"Ventura","Calleguas","Agricultural","Urban",TRUE,34.1678243,-119.058,4,"SC","SCx","SCx","Xeric",85,89,41,9,0,5.0574,13.635,9,12,21,3.936479,2.091504,4.63296,1,10,1112,0,88,42,9,10,11.31136,22.47298,NA,NA,NA,NA,NA,NA,NA,NA,NA,"Engineered","50 to 100 m","Trapezoidal",NA,"Grouted rock",NA,NA,"Grouted rock",NA,NA,"Soft/Natural",NA,"No","Absent",NA,"Absent",NA,NA,NA,64,72.22,82.92,50,50,0.41943736,0.473408962,0.672528649,0.665553106,NA,NA,NA,NA,NA,NA,NA,NA,NA,NA,NA,NA,NA,NA,NA,NA,NA,NA,NA,NA,NA,3,1,"Hardened Side(s)","Hardened Side(s)","Hardened Engineered","High
Hardened
Side(s)","Low Hardened Side(s)"
"408M03027_2016","408M03027","408M03027",2016-06-29,"Karin Wisenbaker","","No",NA,45.4,16.1,0.008,163,"","",20,"",0.86,0.8,0.9,0.86,0.8,0.9,"",30,60,30,20,28,65,"","B","","C",NA,"C",NA,2,2,"",120.9907977,"MEDIUM","MEDIUM","MEDIUM","MEDIUM","MEDIUM","MEDIUM","HIGH","MEDIUM",2016,"ConejoCk_HillCyn_u/s of ArrStaRosaPk",34.22489,-118.92975,408,"Ventura","Calleguas","Open","Other",TRUE,34.2259435,-118.9301816,NA,"SC","SCx","SCx","Xeric",NA,NA,NA,NA,NA,NA,NA,NA,NA,NA,2.43132592,6.74511845,7.74201309,NA,64,446,0,0,0,0,3,44.44411193,44.04098755,NA,NA,NA,NA,NA,NA,NA,NA,NA,"Natural",NA,NA,NA,NA,NA,NA,NA,NA,NA,NA,NA,"No",NA,NA,"Absent",NA,NA,NA,74,86.11,90.29,58.33,62.5,0.76969452,0.607935666,0.641979018,0.845231772,NA,NA,NA,NA,NA,NA,NA,NA,NA,NA,NA,NA,NA,NA,NA,NA,NA,NA,NA,NA,NA,2,2,"Natural","Natural & Earthen Engineered","Natural & Earthen Engineered","Medium
Natural","Medium Natural Earthen"
"408M03036_2016","408M03036","408M03036",2016-06-20,"Brianna Jones","","No",NA,0.1,14.4,0.004,18961,"watershed not properly delineating on streamstats 11/30/16 SMT, difficult to determine accurate upstream location/direction on google earth 12/12/16/SMT","",0.05,"FN",0.6,0.6,0.6,0.6,0.6,0.6,"",36,36,40,35,36,40,"","A","","",NA,"",NA,4,4,"",0.541747533,"High","VERY HIGH","VERY HIGH","VERY HIGH","VERY HIGH","VERY HIGH","VERY HIGH","VERY HIGH",2016,"LasPosasRdDrainTrib above Laguna Rd",34.17991,-119.07852,408,"Ventura","Calleguas","SMC_out","Ag",TRUE,34.17991,-119.07852,NA,"SC","SCx","SCx","Xeric",NA,NA,NA,NA,NA,NA,NA,NA,NA,NA,0.66838957,0.39924295,0.39924295,1,1,1,0,96,98,98,2,1.26109295,1.26109295,NA,NA,NA,NA,NA,NA,NA,NA,NA,"Engineered","<5 m","V-ditch",NA,"Vegetative/Natural",NA,NA,"Earthen bare",NA,NA,"Soft/Natural",NA,"No","Absent",NA,"Absent",NA,NA,NA,50,50,73.25,50,25,0.24766058,0.593525445,0.684086511,0.958012966,NA,NA,NA,NA,NA,NA,NA,NA,NA,NA,NA,NA,NA,NA,NA,NA,NA,NA,NA,NA,NA,3,4,"Earthen Engineered","Natural & Earthen Engineered","Natural & Earthen Engineered","High
Earthen
Engineered","Very High Natural Earthen"
"408M03038_2017","408M03038","408M03038",2017-04-27,"Karin Wisenbaker","","No","",116,18.2,0.006,263,"",NA,10,"",0.6,0.6,0.6,0.6,0.6,0.6,"",90,5,5,45,35,45,"","A",NA,"N/A",NA,"N/A",NA,1,1,NA,300.7400329,"High","LOW","LOW","LOW","LOW","LOW","LOW","LOW",2017,"",34.27491,-118.88512,408,"Ventura","Calleguas","Urban","Urban",TRUE,34.27491,-118.88512,4,"SC","SCx","SCx",NA,85,NA,NA,NA,NA,NA,NA,NA,NA,NA,10.19741798,6.5185259,4.13098539,2,51,401,0,2,6,0,73,31.91712707,18.66910735,NA,NA,NA,NA,NA,NA,NA,NA,NA,"Engineered","10 to 50 m","Trapezoidal",NA,"Rock",NA,NA,"Rock",NA,NA,"Soft/Natural",NA,"No","Present","1 to 5 m","Present","Within 10 m upstream",NA,NA,53,25,67.67,58.33,62.5,0.63562256,0.149021709,0.339631584,0.559883703,NA,NA,NA,NA,NA,NA,NA,NA,NA,NA,NA,NA,NA,NA,NA,NA,NA,NA,NA,NA,NA,3,1,"Hardened Side(s)","Hardened Side(s)","Hardened Engineered","High
Hardened
Side(s)","Low Hardened Side(s)"
"408M03047_2017","408M03047","408M03047",2017-05-30,"Wendy Willis","","No","",250,17,0.002,17955,"Not a real valley, west end connects to Pacific Ocean",NA,1,"SA",0.8,0.85,0.9,0.8,0.85,0.9,"",26,46,46,26,44,46,"","A",NA,"N/A",NA,"N/A",NA,1,1,NA,556.559116,"High","LOW","LOW","LOW","LOW","LOW","LOW","LOW",2017,"",34.17338,-119.0517,408,"Ventura","Calleguas","Agricultural","Urban",TRUE,34.17338,-119.0517,4,"SC","SCx","SCx",NA,85,NA,NA,NA,NA,NA,NA,NA,NA,NA,8.89343448,3.27020856,4.76884152,1,8,1114,0,68,38,8,30,19.13433793,23.01217485,NA,NA,NA,NA,NA,NA,NA,NA,NA,"Engineered","5 to 10 m","Trapezoidal",NA,"Grouted rock",NA,NA,"Grouted rock",NA,"vegetated","Soft/Natural",NA,"No","Absent",NA,"Absent",NA,NA,NA,61,52.78,67.67,75,50,0.64604322,0.473491798,0.48679575,0.557131622,NA,NA,NA,NA,NA,NA,NA,NA,NA,NA,NA,NA,NA,NA,NA,NA,NA,NA,NA,NA,NA,3,1,"Hardened Side(s)","Hardened Side(s)","Hardened Engineered","High
Hardened
Side(s)","Low Hardened Side(s)"
"408M03052_2017","408M03052","408M03052",2017-05-30,"Wendy Willis","","Yes","",20.9,16.3,0.004,21574,"Not a real valley, west end connects to Pacific Ocean",NA,NA,"RC",0.45,0.45,0.45,0.45,0.45,0.45,"",90,90,90,90,90,90,"","C",NA,"N/A",NA,"N/A",NA,1,1,NA,62.1970158,"LOW","LOW","LOW","LOW","LOW","LOW","LOW","LOW",2017,"",34.18063,-119.1039,408,"Ventura","Calleguas","Agricultural","Ag",TRUE,34.18020769,-119.1037067,4,"SC","SCx","SCx","Xeric",85,98,62,35,0,1.74651651,9.92171273,0,26,23,0,4.555578,4.919034,0,11,79,0,99,61,35,0,26.71522,24.30067,NA,NA,NA,NA,NA,NA,NA,NA,NA,"Engineered","10 to 50 m","Rectangular",NA,"Concrete",NA,NA,"Concrete",NA,NA,"Concrete",NA,"No","Absent",NA,"Absent",NA,NA,NA,36,25,62.5,33.33,25,0.45421186,0.241649258,0.604216001,0.470099542,NA,NA,NA,NA,NA,NA,NA,NA,NA,NA,NA,NA,NA,NA,NA,NA,NA,NA,NA,NA,NA,1,1,"Hardened Entire","Hardened Entire","Hardened Engineered","Low
Hardened
Entire","Low Hardened Entire"
"412PS0020_2016","412PS0020","412PS0020",2016-06-02,"Karin Wisenbaker","","Yes",NA,13.9,19.9,0.008,56000,"","",5660,"concrete channel",1,1,1,1,1,1,"",90,90,90,90,90,90,"","C","","",NA,"",NA,1,1,"",50.86248427,"LOW","LOW","LOW","LOW","LOW","LOW","LOW","LOW",2016,"",34.07077,-118.09545,412,"Los Angeles","Los Angeles","Urban","Urban",TRUE,34.0675466,-118.09346,4,"SC","SCx","SCx","Xeric",85,0,0,0,1.4752,6.6489,18.8845,98,92,79,20.86014,13.08691,13.10398,9,22,38,0,0,0,0,98,91.78649,78.22734,NA,NA,NA,NA,NA,NA,NA,NA,NA,"Engineered","10 to 50 m","Rectangular",NA,"Concrete",NA,NA,"Concrete",NA,NA,"Concrete",NA,"No","Absent",NA,"Absent",NA,NA,NA,34,25,62.5,25,25,0.31980389,0.498827319,0.478914005,0.351486378,0.7,0.01,18,1,12,1.02,1,1,0.53,29,41.81,0.29,40,136.11,0.19,0.04,0.3,0.45,0.04,0.41,53,1,1,"Hardened Entire","Hardened Entire","Hardened Engineered","Low
Hardened
Entire","Low Hardened Entire"
"412PS0040_2016","412PS0040","412PS0040",2016-07-14,"Brianna Jones","","Yes",NA,13,19.1,0.01,23726,"","",5660,"concrete channel",0.6,0.6,0.6,0.6,0.6,0.6,"",35,35,35,35,35,35,"","C","","",NA,"",NA,1,1,"",46.49264271,"LOW","LOW","LOW","LOW","LOW","LOW","LOW","LOW",2016,"Bull Creek 40",34.26065,-118.48935,412,"Los Angeles","Los Angeles","Urban","Urban",TRUE,34.264256,-118.48851,4,"SC","SCx","SCx","Xeric",85,0,1,0,2.4752,25.9831,19.1204,98,55,30,18.79367,7.883322,6.359824,7,32,74,0,0,1,0,97,56.63757,33.17128,NA,NA,NA,NA,NA,NA,NA,NA,NA,"Engineered","5 to 10 m","Trapezoidal",NA,"Concrete",NA,NA,"Concrete",NA,NA,"Concrete",NA,"No","Present","1 to 5 m","Absent",NA,NA,NA,39,25,62.5,41.67,25,0.56436652,0.367500745,0.617421864,0.768052361,0.76,0.03,16,1,13,1.2,1,1,0.53,1,42.77,0.75,24,134.26,0.11,0.05,0.3,0.55,0.05,0.45,45,1,1,"Hardened Entire","Hardened Entire","Hardened Engineered","Low
Hardened
Entire","Low Hardened Entire"
"801M12641_2016","801M12641","801M12641",2016-05-19,"Karin Wisenbaker","","Yes",NA,6.2,13.4,0.002,22826,"coordinate point not recognized as stream in Streammstats 12/6/16 SMT","",5660,"Concrete Channel",0.75,0.75,0.75,0.75,0.75,0.75,"",90,90,90,90,90,90,"","C","","",NA,"",NA,1,1,"",18.58272021,"LOW","LOW","LOW","LOW","LOW","LOW","LOW","LOW",2016,"Santa Ana Delhi Channel @ Sunflower",33.69422,-117.88292,801,"Orange","Lower Santa Ana","SMC_out","Urban",TRUE,33.69422,-117.88292,NA,"SC","SCx","SCx","Xeric",NA,NA,NA,NA,NA,NA,NA,NA,NA,NA,17.1885289,15.20287217,15.20287217,5,8,8,0,0,0,0,97,95.2979066,95.2979066,NA,NA,NA,NA,NA,NA,NA,NA,NA,"Engineered","10 to 50 m","Rectangular",NA,"Concrete",NA,NA,"Concrete",NA,NA,"Concrete",NA,"No","Present","1 to 5 m","Absent",NA,NA,NA,29,33.33,25,33.33,25,0.36835801,0.506737676,0.646109431,0.590330496,0.8,0.05,4,1,12,1.2,1,19,1,41,42.27,0.08,57,134.95,0.29,0.05,0.3,0.55,0.05,0.45,58,1,1,"Hardened Entire","Hardened Entire","Hardened Engineered","Low
Hardened
Entire","Low Hardened Entire"
"801M12644_2016","801M12644","801M12644",2016-04-28,"Karin Wisenbaker","","Yes",NA,6.3,20,0.016,5080,"coordinate point not recognized as stream in Streammstats 12/6/16 SMT","",5660,"Concrete Channel",1,1,1,1,1,1,"",90,90,90,90,90,90,"","C","","",NA,"",NA,1,1,"",25.64939928,"LOW","LOW","LOW","LOW","LOW","LOW","LOW","LOW",2016,"Esparanza Channel @ Yorba Linda Blvd.",33.89118,-117.76561,801,"Orange","Lower Santa Ana","SMC_out","Urban",TRUE,33.89118,-117.76561,NA,"SC","SCx","SCx","Xeric",NA,NA,NA,NA,NA,NA,NA,NA,NA,NA,10.89965877,3.72106385,3.72106385,2,19,19,0,0,0,0,42,15.70837495,15.70837495,NA,NA,NA,NA,NA,NA,NA,NA,NA,"Engineered","<5 m","Rectangular",NA,"Concrete",NA,NA,"Concrete",NA,NA,"Concrete",NA,"No","Absent",NA,"Absent",NA,NA,NA,29,25,25,41.67,25,0.60951532,0.837996343,0.885407085,0.808377157,0.85,0.11,6,1,12,1.04,1,11,1,20,41.74,0.48,41,134.26,0.2,0.05,0.3,0.55,0.05,0.45,47,1,1,"Hardened Entire","Hardened Entire","Hardened Engineered","Low
Hardened
Entire","Low Hardened Entire"
"801M12649_2016","801M12649","801M12649",2016-05-11,"Brianna Jones","","No",NA,46.1,14.3,0.006,18483,"","",1,"Sand",0.85,0.85,0.85,0.85,0.85,0.85,"",30,30,25,43,32,25,"","A","","",NA,"",NA,1,1,"",111.9145048,"High","LOW","LOW","LOW","LOW","LOW","LOW","LOW",2016,"San Diego Creek downstream of Harvard",33.6885,-117.81997,801,"Orange","Lower Santa Ana","Urban","Other",TRUE,33.68948519,-117.8230866,8,"SC","SCx","SCx","Xeric",85,0,0,2,2.22222222,9.71585701,19.70258972,89,86,42,17.25684,14.90223,8.80678,3,19,364,0,0,0,1,95,87.70592,47.80422,NA,NA,NA,NA,NA,NA,NA,NA,NA,"Engineered","10 to 50 m","Trapezoidal",NA,"Rock",NA,NA,"Rock",NA,NA,"Soft/Natural",NA,"Yes, within past month","Absent",NA,"Present","Within reach",NA,"vegetation removal taking place when we left",53,41.67,67.67,66.67,37.5,0.42411102,0.761489654,0.643765675,0.540758218,0.74,0.02,19,1,27,1.01,1,16,1,69,41.81,0,38,134.26,0.19,0.05,0.3,0.55,0.05,0.55,39,3,1,"Hardened Side(s)","Hardened Side(s)","Hardened Engineered","High
Hardened
Side(s)","Low Hardened Side(s)"
"801M12652_2017","801M12652","801M12652",2017-05-18,"Karin Wisenbaker","","Yes","half concrete, half rip rap",10.6,13.1,0.004,33025,"Clicked on E Garden Grove Wintersburg Channel; Not a real valley, flat, connected to ocean on South end",NA,NA,"RC/SB",NA,NA,NA,NA,NA,NA,"",NA,NA,NA,NA,NA,NA,"","",NA,"",NA,"",NA,1,1,NA,29.11875645,"LOW","LOW","LOW","LOW","LOW","LOW","LOW","LOW",2017,"",33.71785,-117.997,801,"Orange","Lower Santa Ana","SMC_out","Urban",TRUE,33.71785,-117.997,8,"SC","SCx","SCx",NA,85,NA,NA,NA,NA,NA,NA,NA,NA,NA,14.07319891,15.15857076,15.52950638,3,13,41,0,0,0,0,97,95.35738911,94.58673265,NA,NA,NA,NA,NA,NA,NA,NA,NA,"Engineered","10 to 50 m","Other","Rectangular and trapezoidal","Other",NA,"Rock and concrete","Other",NA,"Rock and concrete","Other","Rock and concrete","No","Present","1 to 5 m","Absent",NA,NA,NA,43,25,67.67,41.67,37.5,0.4613421,0.679907884,0.845077521,0.584338597,NA,NA,NA,NA,NA,NA,NA,NA,NA,NA,NA,NA,NA,NA,NA,NA,NA,NA,NA,NA,NA,1,1,"Hardened Entire","Hardened Entire","Hardened Engineered","Low
Hardened
Entire","Low Hardened Entire"
"801M12665_2017","801M12665","801M12665",2017-05-18,"Karin Wisenbaker","","No","",4.5,16.9,0.014,166,"",NA,1,"SA",0.95,1,1.3,0.85,0.9,0.8,"",30,10,35,10,10,30,"","A",NA,"N/A",NA,"N/A",NA,2,2,NA,16.81223582,"High","HIGH","HIGH","HIGH","HIGH","HIGH","HIGH","HIGH",2017,"",33.64903,-117.69704,801,"Orange","Lower Santa Ana","Urban","Other",TRUE,33.64903,-117.69704,8,"SC","SCx","SCx",NA,85,NA,NA,NA,NA,NA,NA,NA,NA,NA,13.50281062,9.60733063,8.34607491,2,28,32,0,0,0,0,80,69.04533626,51.47919756,NA,NA,NA,NA,NA,NA,NA,NA,NA,"Natural",NA,NA,NA,NA,NA,NA,NA,NA,NA,NA,NA,NA,NA,NA,"Absent",NA,NA,NA,76,83.33,80.63,66.67,75,0.74593263,0.378935446,0.602587432,0.825458044,NA,NA,NA,NA,NA,NA,NA,NA,NA,NA,NA,NA,NA,NA,NA,NA,NA,NA,NA,NA,NA,3,3,"Natural","Natural & Earthen Engineered","Natural & Earthen Engineered","High
Natural","High Natural Earthen"
"801M12669_2017","801M12669","801M12669",2017-06-29,"Wendy Willis","","No","concrete banks, sandy bottom",NA,13,0,NA,"Streams in StreamStats no longer accurate and no longer reflect urbanization and channelization.  Precipitation value taken for adjacent stream.",NA,1,"SA",0.6,0.6,0.6,0.6,0.6,0.6,"",90,90,90,90,90,90,"","A",NA,"N/A",NA,"N/A",NA,1,1,NA,NA,"High","LOW","LOW","LOW","LOW","LOW","LOW","LOW",2017,"",33.69499,-117.85583,801,"Orange","Lower Santa Ana","SMC_out","Urban",TRUE,33.69499,-117.85583,8,"SC","SCx","SCx",NA,85,NA,NA,NA,NA,NA,NA,NA,NA,NA,17.20268416,13.88925359,13.88925359,6,13,13,0,0,0,0,99,99.6009577,99.6009577,NA,NA,NA,NA,NA,NA,NA,NA,NA,"Engineered","5 to 10 m","Rectangular",NA,"Concrete",NA,NA,"Concrete",NA,NA,"Soft/Natural",NA,"No","Absent",NA,"Absent",NA,NA,NA,42,36.11,62.5,33.33,37.5,0.15672282,0.628816448,0.545518344,0.415019596,NA,NA,NA,NA,NA,NA,NA,NA,NA,NA,NA,NA,NA,NA,NA,NA,NA,NA,NA,NA,NA,3,1,"Hardened Side(s)","Hardened Side(s)","Hardened Engineered","High
Hardened
Side(s)","Low Hardened Side(s)"
"801M16908_2016","801M16908","801M16908",2016-05-24,"Damon Owen","","No",NA,106,23.7,0.004,12787,"","",NA,"",2.5,4.5,2.5,2.5,2,2.5,"",38,50,60,65,35,40,"","A","","",NA,"",NA,2,2,"",340.7455185,"High","HIGH","VERY HIGH","VERY HIGH","VERY HIGH","HIGH","HIGH","VERY HIGH",2016,"SMC16908",33.91828,-117.63602,801,"Riverside","Middle Santa Ana","Agricultural","Urban",TRUE,33.91795042,-117.6377466,NA,"SC","SCx","SCx","Xeric",NA,NA,NA,NA,NA,NA,NA,NA,NA,NA,0.91364255,3.17495654,6.72695447,1,5,234,0,18,39,9,5,21.14243323,51.68237741,NA,NA,NA,NA,NA,NA,NA,NA,NA,"Natural",NA,NA,NA,NA,NA,NA,NA,NA,NA,NA,NA,NA,NA,NA,"Absent",NA,NA,NA,66,55.56,93.29,66.67,50,0.78274644,0.781911114,0.780977331,0.803160404,0.86,0.13,11,1,24,1.2,1,23,1,57,42.27,0.6,34,134.25,0.16,0.04,0.3,0.45,0.04,0.41,1,3,4,"Natural","Natural & Earthen Engineered","Natural & Earthen Engineered","High
Natural","Very High Natural Earthen"
"801M16916_2016","801M16916","801M16916",2016-05-25,"Damon Owen","","No",NA,2.2,11.9,0,15674,"elevation is 202m at both the downstream and 500 m upstream point, giving a slope of 0, 12/12/16 SMT","",NA,"",3,2.5,3,2.5,2.5,3,"",25,30,25,20,25,30,"","A","","",NA,"",NA,2,2,"",6.885519556,"High","HIGH","HIGH","HIGH","HIGH","HIGH","HIGH","HIGH",2016,"SMC16916",33.96417,-117.49156,801,"Riverside","Middle Santa Ana","Agricultural","Other",TRUE,33.96417,-117.49156,NA,"SC","SCx","SCx","Xeric",NA,NA,NA,NA,NA,NA,NA,NA,NA,NA,0,7.29334285,3.65482901,NA,31,2147,0,0,0,1,4,62.10245464,21.40300371,NA,NA,NA,NA,NA,NA,NA,NA,NA,"Natural",NA,NA,NA,NA,NA,NA,NA,NA,NA,NA,NA,NA,NA,NA,"Absent",NA,NA,NA,67,58.33,100,58.33,50,0.73325394,0.988684627,0.938242265,0.894232981,0.85,0.11,9,1,18,1.26,1,11,1,58,44.15,0.61,28,134.25,0.13,0.05,0.3,0.55,0.05,0.45,1,3,3,"Natural","Natural & Earthen Engineered","Natural & Earthen Engineered","High
Natural","High Natural Earthen"
"845M10601_2016","845M10601","845M10601",2016-05-19,"Karin Wisenbaker","","No",NA,0.7,15.1,0.02,33882,"","",1,"Sand",0.75,0.8,0.9,0.75,0.8,0.9,"",20,15,20,40,18,20,"","A","","",NA,"",NA,2,2,"",3.054255522,"High","HIGH","HIGH","HIGH","HIGH","HIGH","HIGH","HIGH",2016,"San Gabriel River",33.90791,-117.88829,845,"Orange","San Gabriel","SMC_out","Urban",TRUE,33.90709587,-117.8873506,NA,"SC","SCx","SCx","Xeric",NA,NA,NA,NA,NA,NA,NA,NA,NA,NA,13.01671802,13.36721459,13.36721459,3,9,9,0,0,0,0,89,92.2462406,92.2462406,NA,NA,NA,NA,NA,NA,NA,NA,NA,"Natural",NA,NA,NA,NA,NA,NA,NA,NA,NA,NA,NA,"No",NA,NA,"Present","Within reach",NA,NA,58,41.67,55.17,83.33,50,0.71091247,0.481950054,0.472436306,0.3186486,0.93,0.29,11,1,26,1.01,1,23,1,66,41.81,0.48,73,134.25,0.39,0.06,0.3,0.64,0.06,0.55,1,3,3,"Natural","Natural & Earthen Engineered","Natural & Earthen Engineered","High
Natural","High Natural Earthen"
"901M14126_2016","901M14126","901M14126",2016-05-17,"Brianna Jones","","No",NA,27,15.1,0.002,365,"","",1,"SA",0.55,0.5,0.45,0.55,0.5,0.45,"",45,42,-88,42,40,34,"L3 Not Recorded","A","","",NA,"",NA,4,4,"",73.27512159,"High","VERY HIGH","VERY HIGH","VERY HIGH","VERY HIGH","VERY HIGH","VERY HIGH","VERY HIGH",2016,"Aliso Creek downstream of Alicia Pkwy.",33.54743,-117.7223,901,"Orange","San Juan","Open","Other",TRUE,33.54628713,-117.7230953,NA,"SC","SCx","SCx","Xeric",NA,NA,NA,NA,NA,NA,NA,NA,NA,NA,10.88082875,13.64590248,12.50275949,3,151,263,0,0,0,0,59,69.53751216,64.37540578,NA,NA,NA,NA,NA,NA,NA,NA,NA,"Natural",NA,NA,NA,NA,NA,NA,NA,NA,NA,NA,NA,"Yes, not within past month",NA,NA,"Absent",NA,NA,"yearly Arundo removal",71,66.67,93.29,75,50,0.58620272,0.68423312,0.736419898,0.801400203,0.92,0.25,13,1,23,1.21,1,16,1,64,42.77,0.51,64,134.25,0.34,0.04,0.3,0.45,0.04,0.41,1,3,4,"Natural","Natural & Earthen Engineered","Natural & Earthen Engineered","High
Natural","Very High Natural Earthen"
"901M14134_2016","901M14134","901M14134",2016-04-25,"Brianna Jones","","No",NA,4.5,17.4,0.024,293,"","",12,"",0.45,0.45,0.45,0.45,0.45,0.45,"",19,16,45,28,20,25,"","A","","",NA,"",NA,4,4,"",17.1939489,"High","VERY HIGH","VERY HIGH","VERY HIGH","VERY HIGH","VERY HIGH","VERY HIGH","VERY HIGH",2016,"Tijeras Creek @ Trabuco Creek confluence",33.59231,-117.63283,901,"Orange","San Juan","Urban","Other",TRUE,33.5978762,-117.62711,9,"SC","SCx","SCx","Xeric",85,0,0,0,39.9689,16.5077,14.6341,10,45,54,2.428766,9.689097,11.26122,0,24,71,0,0,0,0,12,44.85762,54.34296,NA,NA,NA,NA,NA,NA,NA,NA,NA,"Natural",NA,NA,NA,NA,NA,NA,NA,NA,NA,NA,NA,"No",NA,NA,"Absent",NA,NA,NA,75,69.44,93.29,75,62.5,0.66063326,0.703914,0.725413597,0.716857655,0.98,0.43,16,1,25,1.05,1,23,1,53,41.8,0.64,77,134.25,0.41,0.04,0.3,0.45,0.04,0.45,1,3,4,"Natural","Natural & Earthen Engineered","Natural & Earthen Engineered","High
Natural","Very High Natural Earthen"
"901M14137_2017","901M14137","901M14137",2017-06-20,"Karin Wisenbaker","","No","",2.7,13.9,0.002,33,"",NA,1,"SA",0.8,0.5,-88,0.5,0.4,0.55,"could not reach left bank- overgrown/deep",30,50,-88,51,55,65,"could not reach left bank- overgrown/deep","B",NA,"B",NA,"C",NA,2,2,NA,9.273970167,"LOW","LOW","LOW","Unk","LOW","LOW","LOW","LOW",2017,"",33.49418,-117.71659,901,"Orange","San Juan","Open","Urban",TRUE,33.49418,-117.71659,9,"SC","SCx","SCx",NA,85,NA,NA,NA,NA,NA,NA,NA,NA,NA,13.01369473,11.10973627,11.10973627,4,42,42,0,0,0,0,35,45.05329154,45.05329154,NA,NA,NA,NA,NA,NA,NA,NA,NA,"Natural",NA,NA,NA,NA,NA,NA,NA,NA,NA,NA,NA,NA,NA,NA,"Present","Within 10 m downstream",NA,NA,59,69.44,55.79,50,62.5,0.43622213,0.763617859,0.914793737,0.848769609,NA,NA,NA,NA,NA,NA,NA,NA,NA,NA,NA,NA,NA,NA,NA,NA,NA,NA,NA,NA,NA,1,1,"Natural","Natural & Earthen Engineered","Natural & Earthen Engineered","Low
Natural","Low Natural Earthen"
"901M14138_2017","901M14138","901M14138",2017-06-20,"Karin Wisenbaker","","No","",31,20.7,0.034,182,"",NA,10,"",0.95,0.85,0.65,0.8,0.75,0.55,"",15,30,10,23,19,65,"","A",NA,"N/A",NA,"N/A",NA,5,5,NA,105.3512428,"High","VERY HIGH","VERY HIGH","VERY HIGH","VERY HIGH","VERY HIGH","VERY HIGH","VERY HIGH",2017,"",33.57688,-117.63999,901,"Orange","San Juan","Urban","Other",TRUE,33.57688,-117.63999,9,"SC","SCx","SCx",NA,85,NA,NA,NA,NA,NA,NA,NA,NA,NA,8.03395379,5.54928551,4.30688701,2,19,177,0,0,0,0,51,33.01360696,19.81719845,NA,NA,NA,NA,NA,NA,NA,NA,NA,"Natural",NA,NA,NA,NA,NA,NA,NA,NA,NA,NA,NA,NA,NA,NA,"Absent",NA,NA,NA,79,72.22,93.29,75,75,0.80858689,0.578392953,0.621571444,0.395623759,NA,NA,NA,NA,NA,NA,NA,NA,NA,NA,NA,NA,NA,NA,NA,NA,NA,NA,NA,NA,NA,3,4,"Natural","Natural & Earthen Engineered","Natural & Earthen Engineered","High
Natural","Very High Natural Earthen"
"902M18865_2016","902M18865","902M18865",2016-05-05,"B. Isham","","No",NA,3.3,19.3,0.03,4850,"","sand",1,"",2.2,1.7,1.1,0.8,1.3,1.4,"",31,34,32,18,15,33,"","A","","",NA,"",NA,2,2,"",14.21818233,"High","HIGH","HIGH","HIGH","HIGH","HIGH","HIGH","HIGH",2016,"SMC18865",33.46728,-117.23022,902,"Riverside","Northern San Diego","Agricultural","Ag",TRUE,33.46715891,-117.2313615,NA,"SC","SCx","SCx","Xeric",NA,NA,NA,NA,NA,NA,NA,NA,NA,NA,1.94072779,2.80670106,2.80670106,4,19,19,0,34,31,31,0,1.15630807,1.15630807,NA,NA,NA,NA,NA,NA,NA,NA,NA,"Natural",NA,NA,NA,NA,"Yes",NA,NA,"Yes",NA,NA,NA,"Not Recorded",NA,NA,"Absent",NA,NA,NA,54,41.67,71.38,66.67,37.5,0.95978318,0.773377344,0.870242249,1.039206987,NA,NA,NA,NA,NA,NA,NA,NA,NA,NA,NA,NA,NA,NA,NA,NA,NA,NA,NA,NA,NA,3,3,"Natural","Natural & Earthen Engineered","Natural & Earthen Engineered","High
Natural","High Natural Earthen"
"902M18893_2017","902M18893","902M18893",2017-05-18,"Isham, B.","SMC condition site","No","",592,16.2,0.024,37,"",NA,NA,"",2.5,2,1.5,2.5,2,1.5,"",50,35,10,38,28,15,"","C",NA,"",NA,"",NA,1,1,NA,1135.283353,"LOW","LOW","LOW","LOW","LOW","LOW","LOW","LOW",2017,"",33.45304,-117.17403,902,"Riverside","Northern San Diego","Open","Other",TRUE,33.45304,-117.17403,9,"SC","SCx","SCx",NA,85,NA,NA,NA,NA,NA,NA,NA,NA,NA,1.24020572,2.68584225,2.60991955,4,28,1729,0,2,11,3,0,9.36714645,7.76231541,NA,NA,NA,NA,NA,NA,NA,NA,NA,"Natural",NA,NA,NA,NA,"Yes",NA,NA,"Yes",NA,NA,NA,"Not Recorded",NA,NA,"Absent",NA,NA,NA,85,80.56,100,83.33,75,0.86762302,0.924224729,0.71241396,0.624806268,NA,NA,NA,NA,NA,NA,NA,NA,NA,NA,NA,NA,NA,NA,NA,NA,NA,NA,NA,NA,NA,1,1,"Natural","Natural & Earthen Engineered","Natural & Earthen Engineered","Low
Natural","Low Natural Earthen"
"902M20173_2016","902M20173","902M20173",2016-06-07,"Damon Owen","","No",NA,8.1,19.1,0.064,54,"","",NA,"",2,1.5,2.5,2.5,2.5,3,"",35,30,40,30,35,45,"","B","","C",NA,"B",NA,4,4,"",30.80601217,"MEDIUM","MEDIUM","MEDIUM","MEDIUM","MEDIUM","MEDIUM","MEDIUM","MEDIUM",2016,"",33.40528,-117.18096,902,"San Diego","Northern San Diego","Urban","Other",TRUE,33.40612108,-117.1823033,NA,"SC","SCx","SCx","Xeric",NA,NA,NA,NA,NA,NA,NA,NA,NA,NA,1.58883391,4.42999116,3.238182,NA,19,26,0,0,4,3,1,17.55621783,9.61379082,NA,NA,NA,NA,NA,NA,NA,NA,NA,"Natural",NA,NA,NA,NA,NA,NA,NA,NA,NA,NA,NA,NA,NA,NA,"Absent",NA,NA,NA,75,77.78,100,58.33,62.5,0.42039162,0.750467812,0.785176611,0.882585004,NA,NA,NA,NA,NA,NA,NA,NA,NA,NA,NA,NA,NA,NA,NA,NA,NA,NA,NA,NA,NA,2,2,"Natural","Natural & Earthen Engineered","Natural & Earthen Engineered","Medium
Natural","Medium Natural Earthen"
"903M20165_2016","903M20165","903M20165",2016-06-07,"Damon Owen","","No",NA,36.7,17.2,0.006,408,"","",NA,"",1.5,2,2,1.5,1.5,2,"",25,25,25,30,25,30,"","A","","",NA,"",NA,5,5,"",105.7972072,"High","VERY HIGH","VERY HIGH","VERY HIGH","VERY HIGH","VERY HIGH","VERY HIGH","VERY HIGH",2016,"",33.2747,-117.18089,903,"San Diego","Northern San Diego","Agricultural","Ag",TRUE,33.27524252,-117.1824097,NA,"SC","SCx","SCx","Xeric",NA,NA,NA,NA,NA,NA,NA,NA,NA,NA,2.8654117,4.13032689,3.91319679,1,28,83,0,36,30,18,4,7.96521206,6.81150304,NA,NA,NA,NA,NA,NA,NA,NA,NA,"Natural",NA,NA,NA,NA,NA,NA,NA,NA,NA,NA,NA,NA,NA,NA,"Absent",NA,NA,NA,72,66.67,80.63,66.67,75,0.56773089,0.725432787,0.68117002,0.920393446,NA,NA,NA,NA,NA,NA,NA,NA,NA,NA,NA,NA,NA,NA,NA,NA,NA,NA,NA,NA,NA,3,4,"Natural","Natural & Earthen Engineered","Natural & Earthen Engineered","High
Natural","Very High Natural Earthen"
"903M20166_2016","903M20166","903M20166",2016-05-02,"Damon Owen","","No",NA,1.1,13,0.044,16560,"watershed not delineating properly because coordinate point not located along the strea, 12/7/16 SMT","",NA,"",1.5,1.5,1.5,1.5,1,1,"",28,25,25,22,15,10,"","A","","",NA,"",NA,3,3,"",4.032792167,"High","HIGH","HIGH","HIGH","HIGH","HIGH","HIGH","HIGH",2016,"",33.24022,-117.23564,903,"San Diego","Northern San Diego","SMC_out","Other",TRUE,33.23985839,-117.2371963,NA,"SC","SCx","SCx","Xeric",NA,NA,NA,NA,NA,NA,NA,NA,NA,NA,4.21868647,4.02944875,4.02944875,NA,NA,0,0,0,4,4,34,33.14606742,33.14606742,NA,NA,NA,NA,NA,NA,NA,NA,NA,"Natural",NA,NA,NA,NA,NA,NA,NA,NA,NA,NA,NA,NA,NA,NA,"Absent",NA,NA,NA,61,55.56,75,75,37.5,0.58084235,0.855956954,0.854578772,0.985129108,NA,NA,NA,NA,NA,NA,NA,NA,NA,NA,NA,NA,NA,NA,NA,NA,NA,NA,NA,NA,NA,3,3,"Natural","Natural & Earthen Engineered","Natural & Earthen Engineered","High
Natural","High Natural Earthen"
"903M20177_2017","903M20177","903M20177",2017-05-03,"DO/NC","","No","",1.7,18.8,0.09,16,"",NA,NA,"",0.8,0.6,0.6,0.5,0.4,0.25,"",20,35,28,25,10,10,"","A",NA,"",NA,"",NA,2,2,NA,7.824379905,"High","MEDIUM","MEDIUM","MEDIUM","MEDIUM","MEDIUM","MEDIUM","MEDIUM",2017,"",33.39672,-117.11527,903,"San Diego","Northern San Diego","SMC_out","Other",TRUE,NA,NA,NA,NA,NA,NA,NA,NA,NA,NA,NA,NA,NA,NA,NA,NA,NA,NA,NA,NA,NA,NA,NA,NA,NA,NA,NA,NA,NA,NA,NA,NA,NA,NA,NA,NA,NA,NA,NA,"Natural",NA,NA,NA,NA,NA,NA,NA,NA,NA,NA,NA,"No",NA,NA,"Absent",NA,NA,NA,75,72.22,100,66.67,62.5,NA,0.961133698,0.840804973,0.779725687,NA,NA,NA,NA,NA,NA,NA,NA,NA,NA,NA,NA,NA,NA,NA,NA,NA,NA,NA,NA,NA,3,2,"Natural","Natural & Earthen Engineered","Natural & Earthen Engineered","High
Natural","Medium Natural Earthen"
"903M20208_2017","903M20208","903M20208",2017-06-12,"DO/NC","","No","",1.7,16.6,0.04,79,"",NA,NA,"",1.5,1.5,1,0.75,0.75,1,"",90,35,15,35,45,60,"","A",NA,"",NA,"",NA,2,2,NA,7.109378114,"High","VERY HIGH","HIGH","HIGH","HIGH","HIGH","VERY HIGH","HIGH",2017,"",33.32691,-117.12282,903,"San Diego","Northern San Diego","SMC_out","Other",TRUE,NA,NA,NA,NA,NA,NA,NA,NA,NA,NA,NA,NA,NA,NA,NA,NA,NA,NA,NA,NA,NA,NA,NA,NA,NA,NA,NA,NA,NA,NA,NA,NA,NA,NA,NA,NA,NA,NA,NA,"Engineered","<5 m","Natural",NA,"Vegetative/Natural",NA,NA,"Vegetative/Natural",NA,NA,"Soft/Natural",NA,"No","Absent",NA,"Absent",NA,NA,NA,68,61.11,93.29,66.67,50,NA,0.464666663,0.577813722,0.904777299,NA,NA,NA,NA,NA,NA,NA,NA,NA,NA,NA,NA,NA,NA,NA,NA,NA,NA,NA,NA,NA,3,3,"Earthen Engineered","Natural & Earthen Engineered","Natural & Earthen Engineered","High
Earthen
Engineered","High Natural Earthen"
"903M20213_2017","903M20213","903M20213",2017-06-12,"DO/NC","","No","",34.5,18,0.016,37,"",NA,NA,"",2,1.5,2.5,1.5,1.5,2,"",80,30,75,35,20,25,"","A",NA,"",NA,"",NA,2,2,NA,103.8293811,"High","HIGH","MEDIUM","HIGH","MEDIUM","MEDIUM","MEDIUM","MEDIUM",2017,"",33.30566,-117.13364,903,"San Diego","Northern San Diego","Agricultural","Ag",TRUE,NA,NA,NA,NA,NA,NA,NA,NA,NA,NA,NA,NA,NA,NA,NA,NA,NA,NA,NA,NA,NA,NA,NA,NA,NA,NA,NA,NA,NA,NA,NA,NA,NA,NA,NA,NA,NA,NA,NA,"Natural",NA,NA,NA,NA,NA,NA,NA,NA,NA,NA,NA,"No",NA,NA,"Absent",NA,NA,NA,71,80.56,90.29,50,62.5,NA,0.486452689,0.475989401,0.733674371,NA,NA,NA,NA,NA,NA,NA,NA,NA,NA,NA,NA,NA,NA,NA,NA,NA,NA,NA,NA,NA,3,2,"Natural","Natural & Earthen Engineered","Natural & Earthen Engineered","High
Natural","Medium Natural Earthen"
"904M21729_2016","904M21729","904M21729",2016-06-14,"B. Isham","","No",NA,53.1,17.3,0.014,875,"","sand",1,"",4.2,3.8,2,3.5,3.5,2.5,"",55,46,6,15,41,33,"","A","","",NA,"",NA,2,2,"",146.5499101,"High","VERY HIGH","VERY HIGH","HIGH","HIGH","VERY HIGH","HIGH","VERY HIGH",2016,"",33.09835,-117.13358,904,"San Diego","Central San Diego","Agricultural","Other",TRUE,33.09814453,-117.1350955,NA,"SC","SCx","SCx","Xeric",NA,NA,NA,NA,NA,NA,NA,NA,NA,NA,4.11342379,8.81930903,6.20724228,2,14,123,0,4,3,5,11,54.09474991,30.01161698,NA,NA,NA,NA,NA,NA,NA,NA,NA,"Natural",NA,NA,NA,NA,"Yes",NA,NA,"Yes",NA,NA,NA,"Not Recorded",NA,NA,"Absent",NA,NA,NA,71,66.67,87.5,66.67,62.5,0.81445632,0.356028403,0.479377384,0.790097455,NA,NA,NA,NA,NA,NA,NA,NA,NA,NA,NA,NA,NA,NA,NA,NA,NA,NA,NA,NA,NA,3,4,"Natural","Natural & Earthen Engineered","Natural & Earthen Engineered","High
Natural","Very High Natural Earthen"
"905M21725_2016","905M21725","905M21725",2016-05-17,"B. Isham","","No",NA,313,19.8,0.006,106,"","fines",0.05,"site is mix of cattail roots/fines and cobble",0.4,0.3,0.3,0.6,0.7,0.9,"",6,5,5,14,18,12,"","A","","",NA,"",NA,2,2,"",761.0507069,"High","MEDIUM","MEDIUM","MEDIUM","MEDIUM","MEDIUM","MEDIUM","MEDIUM",2016,"",33.01795,-117.17811,905,"San Diego","Central San Diego","Urban","Other",TRUE,33.01794752,-117.1781025,NA,"SC","SCx","SCx","Xeric",NA,NA,NA,NA,NA,NA,NA,NA,NA,NA,3.88318271,3.90684736,2.13518696,2,20,384,0,0,1,2,19,24.86794359,7.31628485,NA,NA,NA,NA,NA,NA,NA,NA,NA,"Natural",NA,NA,NA,NA,"Yes",NA,NA,"Yes",NA,NA,NA,"Not Recorded",NA,NA,"Absent",NA,NA,NA,75,86.11,90.29,75,50,0.62292098,0.772693626,0.807818894,0.846485881,NA,NA,NA,NA,NA,NA,NA,NA,NA,NA,NA,NA,NA,NA,NA,NA,NA,NA,NA,NA,NA,3,2,"Natural","Natural & Earthen Engineered","Natural & Earthen Engineered","High
Natural","Medium Natural Earthen"
"905M21737_2016","905M21737","905M21737",2016-05-17,"B. Isham","","No",NA,7.6,14.8,0.024,27,"","sand",2,"mean particle size=69mm",15,1.8,2,3,2,3.5,"15m=bedrock ledge",49,48,32,28,24,18,"","C","lot of bedrock","",NA,"",NA,2,2,"almost 1 for both",23.94788531,"LOW","MEDIUM","LOW","LOW","LOW","LOW","LOW","LOW",2016,"",33.00405,-117.15264,905,"San Diego","Central San Diego","Agricultural","Other",TRUE,33.00473067,-117.1540894,NA,"SC","SCx","SCx","Xeric",NA,NA,NA,NA,NA,NA,NA,NA,NA,NA,3.44682585,3.96161053,5.03214258,2,8,29,0,0,2,1,8,24.09493671,31.15534203,NA,NA,NA,NA,NA,NA,NA,NA,NA,"Natural",NA,NA,NA,NA,"Yes",NA,NA,"Yes",NA,NA,NA,"Not Recorded",NA,NA,"Absent",NA,NA,NA,82,72.22,100,66.67,87.5,0.67974723,0.557830919,0.530593876,0.891657818,NA,NA,NA,NA,NA,NA,NA,NA,NA,NA,NA,NA,NA,NA,NA,NA,NA,NA,NA,NA,NA,1,1,"Natural","Natural & Earthen Engineered","Natural & Earthen Engineered","Low
Natural","Low Natural Earthen"
"907M23327_2016","907M23327","907M23327",2016-06-08,"Damon Owen","","No",NA,3.699846796,21,0.038,280,"streamstats does not recognize stream 12/7/16 SMT","",NA,"",2,2,2,2,2.5,2,"",65,45,45,45,45,30,"","A","","B",NA,"B",NA,2,2,"",16.76048321,"High","VERY HIGH","HIGH","HIGH","HIGH","VERY HIGH","HIGH","HIGH",2016,"",32.8378,-116.78974,907,"San Diego","Mission Bay and San Diego River","SMC_out","Other",TRUE,32.83892266,-116.7896167,NA,"SC","SCx","SCx","Xeric",NA,NA,NA,NA,NA,NA,NA,NA,NA,NA,5.43500682,6.72401756,6.72401756,3,17,17,0,0,0,0,16,24.86104852,24.86104852,NA,NA,NA,NA,NA,NA,NA,NA,NA,"Natural",NA,NA,NA,NA,NA,NA,NA,NA,NA,NA,NA,NA,NA,NA,"Absent",NA,NA,NA,59,63.89,48.92,50,75,0.62460478,0.7558512,0.873286897,0.975008872,NA,NA,NA,NA,NA,NA,NA,NA,NA,NA,NA,NA,NA,NA,NA,NA,NA,NA,NA,NA,NA,3,3,"Natural","Natural & Earthen Engineered","Natural & Earthen Engineered","High
Natural","High Natural Earthen"
"907M23330_2016","907M23330","907M23330",2016-06-09,"Damon Owen","","No",NA,20.8,29.7,0.06,43,"","",NA,"",2.5,2,2,1.8,2,2.5,"",70,50,25,35,20,35,"","C","","",NA,"",NA,3,3,"",98.30947818,"LOW","LOW","LOW","LOW","LOW","LOW","LOW","LOW",2016,"",33.00358,-116.70228,907,"San Diego","Mission Bay and San Diego River","Open","Other",TRUE,33.00327352,-116.7034727,NA,"SC","SCx","SCx","Xeric",NA,NA,NA,NA,NA,NA,NA,NA,NA,NA,0,0.55491566,1.87211436,NA,1,42,0,0,0,0,0,0,0.11323331,NA,NA,NA,NA,NA,NA,NA,NA,NA,"Natural",NA,NA,NA,NA,NA,NA,NA,NA,NA,NA,NA,NA,NA,NA,"Absent",NA,NA,NA,75,55.56,100,83.33,62.5,0.96401838,1.407620206,1.183193609,1.014450902,NA,NA,NA,NA,NA,NA,NA,NA,NA,NA,NA,NA,NA,NA,NA,NA,NA,NA,NA,NA,NA,1,1,"Natural","Natural & Earthen Engineered","Natural & Earthen Engineered","Low
Natural","Low Natural Earthen"
"907M23331_2016","907M23331","907M23331",2016-06-08,"Damon Owen","","No",NA,0.3,16.1,0.012,2505,"","",NA,"",2.5,2.5,3,1.5,2,2.5,"",50,80,25,25,35,35,"","A","","C",NA,"C",NA,2,2,"",1.535356527,"High","VERY HIGH","VERY HIGH","HIGH","HIGH","HIGH","HIGH","HIGH",2016,"",32.84058,-116.90771,907,"San Diego","Mission Bay and San Diego River","Urban","Urban",TRUE,32.84042583,-116.9089262,NA,"SC","SCx","SCx","Xeric",NA,NA,NA,NA,NA,NA,NA,NA,NA,NA,10.88294523,6.19495403,5.26197746,6,54,77,0,0,8,4,78,32.83615516,23.72344796,NA,NA,NA,NA,NA,NA,NA,NA,NA,"Natural",NA,NA,NA,NA,NA,NA,NA,NA,NA,NA,NA,NA,NA,NA,"Present","Within 10 m upstream",NA,NA,57,52.78,75,50,50,0.77045165,0.661420561,0.711089799,0.419686822,NA,NA,NA,NA,NA,NA,NA,NA,NA,NA,NA,NA,NA,NA,NA,NA,NA,NA,NA,NA,NA,3,3,"Natural","Natural & Earthen Engineered","Natural & Earthen Engineered","High
Natural","High Natural Earthen"
"907M23342_2017","907M23342","907M23342",2017-06-13,"DO/NC","","No","",12.1,34.2,0.0444,289,"Stopped before Lake Cuyamaca upstream",NA,NA,"",1,1.5,2.5,2,2,2,"",25,25,45,35,35,60,"","C",NA,"",NA,"",NA,1,1,NA,68.4039526,"LOW","LOW","LOW","LOW","LOW","LOW","LOW","LOW",2017,"",32.99095,-116.59072,907,"San Diego","Mission Bay and San Diego River","Open","Forest",TRUE,NA,NA,NA,NA,NA,NA,NA,NA,NA,NA,NA,NA,NA,NA,NA,NA,NA,NA,NA,NA,NA,NA,NA,NA,NA,NA,NA,NA,NA,NA,NA,NA,NA,NA,NA,NA,NA,NA,NA,"Natural",NA,NA,NA,NA,NA,NA,NA,NA,NA,NA,NA,"No",NA,NA,"Absent",NA,NA,NA,64,52.78,84.04,58.33,62.5,NA,1.135364926,0.99700735,0.935609476,NA,NA,NA,NA,NA,NA,NA,NA,NA,NA,NA,NA,NA,NA,NA,NA,NA,NA,NA,NA,NA,1,1,"Natural","Natural & Earthen Engineered","Natural & Earthen Engineered","Low
Natural","Low Natural Earthen"
"907M23343_2017","907M23343","907M23343",2017-06-27,"DO/NC","","No","",2,19.6,0.0459,72,"",NA,NA,"",2,1.5,1,1.5,2,1,"",20,110,20,20,35,20,"","A",NA,"",NA,"",NA,2,2,NA,9.306600995,"High","HIGH","VERY HIGH","HIGH","HIGH","HIGH","HIGH","HIGH",2017,"",32.83203,-116.77732,907,"San Diego","Mission Bay and San Diego River","SMC_out","Urban",TRUE,NA,NA,NA,NA,NA,NA,NA,NA,NA,NA,NA,NA,NA,NA,NA,NA,NA,NA,NA,NA,NA,NA,NA,NA,NA,NA,NA,NA,NA,NA,NA,NA,NA,NA,NA,NA,NA,NA,NA,"Natural",NA,NA,NA,NA,NA,NA,NA,NA,NA,NA,NA,"No",NA,NA,"Present","Within 10 m upstream",NA,NA,69,69.44,80.63,50,75,NA,0.264626094,0.717896181,0.765849532,NA,NA,NA,NA,NA,NA,NA,NA,NA,NA,NA,NA,NA,NA,NA,NA,NA,NA,NA,NA,NA,3,3,"Natural","Natural & Earthen Engineered","Natural & Earthen Engineered","High
Natural","High Natural Earthen"
"907M23346_2017","907M23346","907M23346",2017-06-15,"DO/NC","","No","",19.2,30.3,0.028,16,"",NA,NA,"",3,3,3,2,2.5,3,"",75,50,75,35,35,75,"","C",NA,"",NA,"",NA,1,1,NA,93.11951738,"LOW","LOW","LOW","LOW","LOW","LOW","LOW","LOW",2017,"",33.00467,-116.68435,907,"San Diego","Mission Bay and San Diego River","Open","Other",TRUE,NA,NA,NA,NA,NA,NA,NA,NA,NA,NA,NA,NA,NA,NA,NA,NA,NA,NA,NA,NA,NA,NA,NA,NA,NA,NA,NA,NA,NA,NA,NA,NA,NA,NA,NA,NA,NA,NA,NA,"Natural",NA,NA,NA,NA,NA,NA,NA,NA,NA,NA,NA,"No",NA,NA,"Absent",NA,NA,NA,83,58.33,100,100,75,NA,1.216989908,1.055574286,0.753848654,NA,NA,NA,NA,NA,NA,NA,NA,NA,NA,NA,NA,NA,NA,NA,NA,NA,NA,NA,NA,NA,1,1,"Natural","Natural & Earthen Engineered","Natural & Earthen Engineered","Low
Natural","Low Natural Earthen"
"907M23348_2016","907M23348","907M23348",2016-06-17,"B. Isham","","Yes",NA,12.4,12.9,0.012,365,"","concrete",5660,"",NA,NA,NA,NA,NA,NA,"fully armored",NA,NA,NA,NA,NA,NA,"","C","","C",NA,"",NA,1,1,"",32.98289457,"LOW","LOW","LOW","LOW","LOW","LOW","LOW","LOW",2016,"",32.7862,-117.11484,907,"San Diego","Mission Bay and San Diego River","Urban","Urban",TRUE,32.78503197,-117.1146526,NA,"SC","SCx","SCx","Xeric",NA,NA,NA,NA,NA,NA,NA,NA,NA,NA,11.8505493,9.98201275,6.39497494,7,48,90,0,0,0,0,79,76.95775146,42.77683466,NA,NA,NA,NA,NA,NA,NA,NA,NA,"Engineered","10 to 50 m","Trapezoidal",NA,"Concrete","No","some grass poking through seams","Concrete","No","some grass","Concrete","somewhat swaled to confine low flow to center of channel","Not Recorded","Absent",NA,"Present","Within reach",NA,NA,32,30.56,28.96,41.67,25,0.5074023,0.636778332,0.850149013,0.887755073,NA,NA,NA,NA,NA,NA,NA,NA,NA,NA,NA,NA,NA,NA,NA,NA,NA,NA,NA,NA,NA,1,1,"Hardened Entire","Hardened Entire","Hardened Engineered","Low
Hardened
Entire","Low Hardened Entire"
"909M24925_2016","909M24925","909M24925",2016-05-10,"B. Isham","","No",NA,46.5,29.8,0.042,61,"","cobble",130,"",1.5,1.8,2.2,1.5,1.4,2.4,"bouldery, uneven",30,24,22,32,28,30,"","C","","",NA,"",NA,1,1,"interlocked boulder/cobble",198.4670507,"LOW","LOW","LOW","LOW","LOW","LOW","LOW","LOW",2016,"",32.83848,-116.63814,909,"San Diego","Southern San Diego","Open","Other",TRUE,32.83854387,-116.6396093,NA,"SC","SCx","SCx","Mountain",NA,NA,NA,NA,NA,NA,NA,NA,NA,NA,0.85457378,1.88773311,1.28587051,1,13,51,0,0,4,1,1,0.9396993,0.36269275,NA,NA,NA,NA,NA,NA,NA,NA,NA,"Natural",NA,NA,NA,NA,"Yes",NA,NA,"Yes",NA,NA,NA,"Not Recorded",NA,NA,"Absent",NA,NA,NA,89,80.56,100,75,100,0.83628379,0.961934099,1.105040201,1.096681317,NA,NA,NA,NA,NA,NA,NA,NA,NA,NA,NA,NA,NA,NA,NA,NA,NA,NA,NA,NA,NA,1,1,"Natural","Natural & Earthen Engineered","Natural & Earthen Engineered","Low
Natural","Low Natural Earthen"
"909M24937_2016","909M24937","909M24937",2016-06-22,"B. Isham","","No",NA,53.8,28.8,0.058,38,"","sand",1,"",3.9,4.5,3.6,3.5,4.2,4,"huge boulders",58,48,66,36,42,70,"","C","stacked boulders with sand","",NA,"",NA,1,1,"",219.4677033,"LOW","LOW","LOW","LOW","LOW","LOW","LOW","LOW",2016,"",32.81935,-116.70775,909,"San Diego","Southern San Diego","Open","Other",TRUE,32.81886436,-116.7090012,NA,"SC","SCx","SCx","Xeric",NA,NA,NA,NA,NA,NA,NA,NA,NA,NA,0,0.7072185,1.26352163,NA,NA,53,0,0,0,1,1,2.695678,0.64604669,NA,NA,NA,NA,NA,NA,NA,NA,NA,"Natural",NA,NA,NA,NA,"Yes",NA,NA,"Yes",NA,NA,NA,"Not Recorded",NA,NA,"Absent",NA,NA,NA,75,47.22,100,91.67,62.5,0.87653801,0.995985143,1.155122091,1.240415324,NA,NA,NA,NA,NA,NA,NA,NA,NA,NA,NA,NA,NA,NA,NA,NA,NA,NA,NA,NA,NA,1,1,"Natural","Natural & Earthen Engineered","Natural & Earthen Engineered","Low
Natural","Low Natural Earthen"
"911M24926_2016","911M24926","911M24926",2016-03-23,"B. Isham","","No",NA,22.4,18,0.02,47,"","gravel",16,"",1.2,0.7,0.4,1.5,0.7,0.8,"",16,28,25,36,19,35,"","B","","B",NA,"C",NA,2,2,"",71.30720738,"MEDIUM","LOW","LOW","LOW","LOW","LOW","LOW","LOW",2016,"",32.59782,-116.65687,911,"San Diego","Southern San Diego","Open","Other",TRUE,32.59742,-116.6583045,NA,"SC","SCx","SCx","Xeric",NA,NA,NA,NA,NA,NA,NA,NA,NA,NA,1.12631074,1.89129927,1.52315333,NA,10,18,0,0,1,0,4,1.70256315,0.96384072,NA,NA,NA,NA,NA,NA,NA,NA,NA,"Natural",NA,NA,NA,NA,"Yes",NA,NA,"Yes",NA,NA,NA,"Not Recorded",NA,NA,"Absent",NA,NA,NA,82,75,96.54,83.33,75,0.86460759,1.047871384,1.059005934,0.890762453,NA,NA,NA,NA,NA,NA,NA,NA,NA,NA,NA,NA,NA,NA,NA,NA,NA,NA,NA,NA,NA,2,1,"Natural","Natural & Earthen Engineered","Natural & Earthen Engineered","Medium
Natural","Low Natural Earthen"
"SGLT506_2017","SGLT506","SGLT506",2017-06-22,"DO/NC","","No","",104,22.7,0.01,13928,"",NA,NA,"",4,4,4,4,4,4,"",35,35,35,35,35,35,"","B",NA,"C",NA,"B",NA,5,5,NA,324.2027831,"MEDIUM","VERY HIGH","VERY HIGH","VERY HIGH","VERY HIGH","VERY HIGH","VERY HIGH","VERY HIGH",2017,"",34.06173,-117.99129,405,"Los Angeles","San Gabriel","SMC_out","Urban",FALSE,34.0616723,-117.99384,4,"SC","SCx","SCx","Xeric",85,0,0,0,4.1475,3.7563,12.2711,95,96,45,8.967017,13.26812,7.392627,1,19,397,0,0,0,0,97,96.34168,45.55772,NA,NA,NA,NA,NA,NA,NA,NA,NA,"Engineered","50 to 100 m","Trapezoidal",NA,"Grouted rock",NA,NA,"Grouted rock",NA,NA,"Soft/Natural",NA,"No","Absent",NA,"Present","Within 10 m upstream",NA,NA,NA,NA,NA,NA,NA,NA,0.583387879,0.690241572,0.705846449,NA,NA,NA,NA,NA,NA,NA,NA,NA,NA,NA,NA,NA,NA,NA,NA,NA,NA,NA,NA,NA,2,4,"Hardened Side(s)","Hardened Side(s)","Hardened Engineered","Medium
Hardened
Side(s)","Very High Hardened Side(s)"
"SMC00254_2017","SMC00254","SMC00254",2017-06-29,"Karin Wisenbaker","","Yes","",5.1,12.9,-0.004,26200,"Drops in elevation at 500m upstream according to Google Earth; Not a real valley, west end connects to Pacific Ocean",NA,NA,"RC",NA,NA,NA,NA,NA,NA,"",NA,NA,NA,NA,NA,NA,"","",NA,"",NA,"",NA,1,1,NA,15.22642521,"LOW","LOW","LOW","LOW","LOW","LOW","LOW","LOW",2017,"Moody Creek",33.83758,-118.05377,845,"Orange","San Gabriel","SMC_out","Other",TRUE,33.8373974,-118.05403,8,"SC","SCx","SCx","Xeric",85,0,0,0,2.8197,6.0547,4.7675,96,94,95,14.24003,15.26905,14.67668,3,4,4,0,0,0,0,95,93.32035,94.69687,NA,NA,NA,NA,NA,NA,NA,NA,NA,"Engineered","10 to 50 m","Rectangular",NA,"Concrete","No",NA,"Concrete","No",NA,"Concrete",NA,"Not Recorded","Absent",NA,"Absent",NA,NA,NA,39,33.33,62.5,33.33,25,0.2995637,0.478679791,0.343185353,0.663966537,NA,NA,NA,NA,NA,NA,NA,NA,NA,NA,NA,NA,NA,NA,NA,NA,NA,NA,NA,NA,NA,1,1,"Hardened Entire","Hardened Entire","Hardened Engineered","Low
Hardened
Entire","Low Hardened Entire"
"SMC01096_2016","SMC01096","SMC01096",2016-06-14,"Brianna Jones","","No",NA,112,29.9,0.018,240,"","",1,"Sand",0.35,0.35,0.4,0.35,0.35,0.4,"",19,25,25,30,24,30,"","A","","",NA,"",NA,4,4,"",427.508071,"High","VERY HIGH","VERY HIGH","VERY HIGH","VERY HIGH","VERY HIGH","VERY HIGH","VERY HIGH",2016,"",34.28465,-118.29343,412,"Los Angeles","Los Angeles","Open","Urban",TRUE,34.2848271,-118.29322,4,"SC","SCm","SCm","Xeric",85,0,0,0,16.5899,7.1341,3.1112,9,2,0,1.499055,0.2239615,0.243981,0,5,32,0,0,0,0,11,2.518042,0.4274941,NA,NA,NA,NA,NA,NA,NA,NA,NA,"Natural",NA,NA,NA,NA,NA,NA,NA,NA,NA,NA,NA,"Not Recorded",NA,NA,"Absent",NA,NA,NA,84,88.89,90.29,83.33,75,0.76260127,1.199848565,1.099754187,0.926104903,NA,NA,NA,NA,NA,NA,NA,NA,NA,NA,NA,NA,NA,NA,NA,NA,NA,NA,NA,NA,NA,3,4,"Natural","Natural & Earthen Engineered","Natural & Earthen Engineered","High
Natural","Very High Natural Earthen"
"SMC01278_2016","SMC01278","SMC01278",2016-06-23,"Karin Wisenbaker","","Yes",NA,134,15.1,0,25388,"","",5660,"Concrete Channel",1,1,1,1,1,1,"",25,25,25,25,25,25,"","C","","",NA,"",NA,1,1,"",295.2917051,"LOW","LOW","LOW","LOW","LOW","LOW","LOW","LOW",2016,"",33.82099,-118.06645,405,"Los Angeles","San Gabriel","Urban","Urban",TRUE,33.8203072,-118.06683,4,"SC","SCx","SCx","Xeric",85,0,0,0,2.0997,5.4986,11.4582,97,93,66,15.06006,14.3025,10.57621,0,13,750,0,0,0,0,97,92.68979,67.45574,NA,NA,NA,NA,NA,NA,NA,NA,NA,"Engineered","10 to 50 m","Trapezoidal",NA,"Concrete",NA,NA,"Concrete",NA,NA,"Concrete",NA,"No","Present",NA,"Absent",NA,NA,NA,36,25,62.5,33.33,25,0.384579,0.554868581,0.595971853,0.359596491,NA,NA,NA,NA,NA,NA,NA,NA,NA,NA,NA,NA,NA,NA,NA,NA,NA,NA,NA,NA,NA,1,1,"Hardened Entire","Hardened Entire","Hardened Engineered","Low
Hardened
Entire","Low Hardened Entire"
"SMC01544_2016","SMC01544","SMC01544",2016-06-14,"Brianna Jones","","No",NA,97.5,30.4,0.016,146,"","",50,"",0.75,0.75,0.75,0.75,0.75,0.75,"",27,50,30,12,50,31,"","A","","",NA,"",NA,4,4,"",383.799583,"High","HIGH","HIGH","HIGH","HIGH","HIGH","HIGH","HIGH",2016,"",34.29729,-118.24843,412,"Los Angeles","Los Angeles","Open","Other",TRUE,34.2973085,-118.24852,4,"SC","SCm","SCm","Mountain",8,0,0,0,10.2986,3.6907,2.9285,3,1,0,0.4558714,0.1062163,0.2601161,0,0,27,0,0,0,0,3,0.6482828,0.2838346,NA,NA,NA,NA,NA,NA,NA,NA,NA,"Natural",NA,NA,NA,NA,NA,NA,NA,NA,NA,NA,NA,"Not Recorded",NA,NA,"Absent",NA,NA,NA,85,77.78,90.29,83.33,87.5,0.84277761,0.896589699,0.972439165,0.925821468,NA,NA,NA,NA,NA,NA,NA,NA,NA,NA,NA,NA,NA,NA,NA,NA,NA,NA,NA,NA,NA,3,3,"Natural","Natural & Earthen Engineered","Natural & Earthen Engineered","High
Natural","High Natural Earthen"
"SMC03984_2017","SMC03984","SMC03984",2017-06-29,"DO/NC","","No","",51.1,38.4,0.012,39,"SMC03984.  Confirmed by Karin in email exchange with Rafi 10/18/2019.",NA,NA,"",1.5,7,2,2.5,3.5,1.5,"",30,80,40,35,40,15,"","B",NA,"C",NA,"C",NA,1,1,NA,261.8900806,"MEDIUM","LOW","LOW","LOW","LOW","LOW","LOW","LOW",2017,"",34.24613,-117.90186,405,"Los Angeles","San Gabriel","Open","Other",TRUE,34.24613,-117.90187,4,"SC","SCm","SCm","Mountain",8,0,0,0,2.69259536,1.2977888,1.61457058,0,0,0,1.045598,0.3304925,0.08302877,1,9,9,0,0,0,0,0,0,0.0503261,NA,NA,NA,NA,NA,NA,NA,NA,NA,"Natural",NA,NA,NA,NA,NA,NA,NA,NA,NA,NA,NA,"No",NA,NA,"Absent",NA,NA,NA,80,66.67,100,66.67,87.5,NA,1.169267376,1.01228639,0.872052157,NA,NA,NA,NA,NA,NA,NA,NA,NA,NA,NA,NA,NA,NA,NA,NA,NA,NA,NA,NA,NA,2,1,"Natural","Natural & Earthen Engineered","Natural & Earthen Engineered","Medium
Natural","Low Natural Earthen"
